sourate,phrase,partie,versets,rasm,lettres,jummal,facteurs,charge,partie_jummal,partie_facteurs,partie_charge,francais
1,1,A · énoncé (3e pers.),V1,بِسْمِ اللَّهِ الرَّحْمَـٰنِ الرَّحِيمِ,19,786,2·3·131,0,2228,2^2·557,-1,"Au nom de Dieu, le Tout-Miséricordieux, le Très-Miséricordieux."
1,2,A · énoncé (3e pers.),V2,الْحَمْدُ لِلَّهِ رَبِّ الْعَالَمِينَ,18,582,2·3·97,0,2228,2^2·557,-1,"Louange à Dieu, Seigneur des mondes."
1,3,A · énoncé (3e pers.),V3–4,الرَّحْمَـٰنِ الرَّحِيمِ مَالِكِ يَوْمِ الدِّينِ,24,860,2^2·5·43,-1,2228,2^2·557,-1,"Le Tout-Miséricordieux, le Très-Miséricordieux, Maître du Jour de la rétribution."
1,4,B · demande (2e pers.),V5,إِيَّاكَ نَعْبُدُ وَإِيَّاكَ نَسْتَعِينُ,19,836,2^2·11·19,-1,7919,7919,-1,C'est Toi que nous adorons et c'est Toi dont nous implorons secours.
1,5,B · demande (2e pers.),V6–7,اهْدِنَا الصِّرَاطَ الْمُسْتَقِيمَ صِرَاطَ الَّذِينَ أَنْعَمْتَ عَلَيْهِمْ غَيْرِ الْمَغْضُوبِ عَلَيْهِمْ وَلَا الضَّالِّينَ,63,7083,3^2·787,0,7919,7919,-1,"Guide-nous sur le droit chemin, le chemin de ceux que Tu as comblés de bienfaits, non de ceux qui ont encouru Ta colère ni des égarés."
4,1,corps,V1·basmala,بِسْمِ اللَّهِ الرَّحْمَـٰنِ الرَّحِيمِ,19,786,2·3·131,0,1003627,1003627,+1,
4,2,corps,V1.1,يَا أَيُّهَا النَّاسُ اتَّقُوا رَبَّكُمُ الَّذِي خَلَقَكُم مِّن نَّفْسٍ وَاحِدَةٍ وَخَلَقَ مِنْهَا زَوْجَهَا وَبَثَّ مِنْهُمَا رِجَالًا كَثِيرًا وَنِسَاءً ۚ,75,5357,11·487,-1,1003627,1003627,+1,
4,3,corps,V1.2,وَاتَّقُوا اللَّهَ الَّذِي تَسَاءَلُونَ بِهِ وَالْأَرْحَامَ ۚ,31,2163,3·7·103,0,1003627,1003627,+1,
4,4,corps,V1.3,إِنَّ اللَّهَ كَانَ عَلَيْكُمْ رَقِيبًا,19,671,11·61,-1,1003627,1003627,+1,
4,5,corps,V2.1,وَآتُوا الْيَتَامَىٰ أَمْوَالَهُمْ ۖ,19,1029,3·7^3,0,1003627,1003627,+1,
4,6,corps,V2.2,وَلَا تَتَبَدَّلُوا الْخَبِيثَ بِالطَّيِّبِ ۖ,22,2077,31·67,+1,1003627,1003627,+1,
4,7,corps,V2.3,وَلَا تَأْكُلُوا أَمْوَالَهُمْ إِلَىٰ أَمْوَالِكُمْ ۚ,26,797,797,-1,1003627,1003627,+1,
4,8,clausule (récurrente),V2.4,إِنَّهُ كَانَ حُوبًا كَبِيرًا,15,377,13·29,-1,114583,7·16369,+1,
4,9,corps,V3.1,وَإِنْ خِفْتُمْ أَلَّا تُقْسِطُوا فِي الْيَتَامَىٰ فَانكِحُوا مَا طَابَ لَكُم مِّنَ النِّسَاءِ مَثْنَىٰ وَثُلَاثَ وَرُبَاعَ ۖ,62,4825,5^2·193,+1,1003627,1003627,+1,
4,10,corps,V3.2,فَإِنْ خِفْتُمْ أَلَّا تَعْدِلُوا فَوَاحِدَةً أَوْ مَا مَلَكَتْ أَيْمَانُكُمْ ۚ,37,2598,2·3·433,0,1003627,1003627,+1,
4,11,corps,V3.3,ذَٰلِكَ أَدْنَىٰ أَلَّا تَعُولُوا,16,1360,2^4·5·17,+1,1003627,1003627,+1,
4,12,corps,V4.1,وَآتُوا النِّسَاءَ صَدُقَاتِهِنَّ نِحْلَةً ۚ,22,1300,2^2·5^2·13,+1,1003627,1003627,+1,
4,13,corps,V4.2,فَإِن طِبْنَ لَكُمْ عَن شَيْءٍ مِّنْهُ نَفْسًا فَكُلُوهُ هَنِيئًا مَّرِيئًا,36,1477,7·211,+1,1003627,1003627,+1,
4,14,clausule (récurrente),V5,وَلَا تُؤْتُوا السُّفَهَاءَ أَمْوَالَكُمُ الَّتِي جَعَلَ اللَّهُ لَكُمْ قِيَامًا وَارْزُقُوهُمْ فِيهَا وَاكْسُوهُمْ وَقُولُوا لَهُمْ قَوْلًا مَّعْرُوفًا,79,3375,3^3·5^3,0,114583,7·16369,+1,
4,15,corps,V6.1,وَابْتَلُوا الْيَتَامَىٰ حَتَّىٰ إِذَا بَلَغُوا النِّكَاحَ فَإِنْ آنَسْتُم مِّنْهُمْ رُشْدًا فَادْفَعُوا إِلَيْهِمْ أَمْوَالَهُمْ ۖ,66,4980,2^2·3·5·83,0,1003627,1003627,+1,
4,16,corps,V6.2,وَلَا تَأْكُلُوهَا إِسْرَافًا وَبِدَارًا أَن يَكْبَرُوا ۚ,30,1347,3·449,0,1003627,1003627,+1,
4,17,corps,V6.3,وَمَن كَانَ غَنِيًّا فَلْيَسْتَعْفِفْ ۖ,18,2038,2·1019,+1,1003627,1003627,+1,
4,18,corps,V6.4,وَمَن كَانَ فَقِيرًا فَلْيَأْكُلْ بِالْمَعْرُوفِ ۚ,25,1158,2·3·193,0,1003627,1003627,+1,
4,19,corps,V6.5,فَإِذَا دَفَعْتُمْ إِلَيْهِمْ أَمْوَالَهُمْ فَأَشْهِدُوا عَلَيْهِمْ ۚ,33,2137,2137,+1,1003627,1003627,+1,
4,20,corps,V6.6,وَكَفَىٰ بِاللَّهِ حَسِيبًا,14,265,5·53,+1,1003627,1003627,+1,
4,21,corps,V7.1,لِّلرِّجَالِ نَصِيبٌ مِّمَّا تَرَكَ الْوَالِدَانِ وَالْأَقْرَبُونَ وَلِلنِّسَاءِ نَصِيبٌ مِّمَّا تَرَكَ الْوَالِدَانِ وَالْأَقْرَبُونَ مِمَّا قَلَّ مِنْهُ أَوْ كَثُرَ ۚ,80,4249,7·607,+1,1003627,1003627,+1,
4,22,corps,V7.2,نَصِيبًا مَّفْرُوضًا,11,1280,2^8·5,-1,1003627,1003627,+1,
4,23,corps,V8,وَإِذَا حَضَرَ الْقِسْمَةَ أُولُو الْقُرْبَىٰ وَالْيَتَامَىٰ وَالْمَسَاكِينُ فَارْزُقُوهُم مِّنْهُ وَقُولُوا لَهُمْ قَوْلًا مَّعْرُوفًا,70,4346,2·41·53,-1,1003627,1003627,+1,
4,24,corps,V9,وَلْيَخْشَ الَّذِينَ لَوْ تَرَكُوا مِنْ خَلْفِهِمْ ذُرِّيَّةً ضِعَافًا خَافُوا عَلَيْهِمْ فَلْيَتَّقُوا اللَّهَ وَلْيَقُولُوا قَوْلًا سَدِيدًا,71,7053,3·2351,0,1003627,1003627,+1,
4,25,corps,V10.1,إِنَّ الَّذِينَ يَأْكُلُونَ أَمْوَالَ الْيَتَامَىٰ ظُلْمًا إِنَّمَا يَأْكُلُونَ فِي بُطُونِهِمْ نَارًا ۖ,51,3163,3163,+1,1003627,1003627,+1,
4,26,corps,V10.2,وَسَيَصْلَوْنَ سَعِيرًا,12,593,593,-1,1003627,1003627,+1,
4,27,corps,V11.1,يُوصِيكُمُ اللَّهُ فِي أَوْلَادِكُمْ ۖ,19,434,2·7·31,-1,1003627,1003627,+1,
4,28,clausule (récurrente),V11.2,لِلذَّكَرِ مِثْلُ حَظِّ الْأُنثَيَيْنِ ۚ,18,3110,2·5·311,-1,114583,7·16369,+1,
4,29,corps,V11.3,فَإِن كُنَّ نِسَاءً فَوْقَ اثْنَتَيْنِ فَلَهُنَّ ثُلُثَا مَا تَرَكَ ۖ,31,3367,7·13·37,+1,1003627,1003627,+1,
4,30,corps,V11.4,وَإِن كَانَتْ وَاحِدَةً فَلَهَا النِّصْفُ ۚ,21,919,919,+1,1003627,1003627,+1,
4,31,corps,V11.5,وَلِأَبَوَيْهِ لِكُلِّ وَاحِدٍ مِّنْهُمَا السُّدُسُ مِمَّا تَرَكَ إِن كَانَ لَهُ وَلَدٌ ۚ,40,1348,2^2·337,+1,1003627,1003627,+1,
4,32,corps,V11.6,فَإِن لَّمْ يَكُن لَّهُ وَلَدٌ وَوَرِثَهُ أَبَوَاهُ فَلِأُمِّهِ الثُّلُثُ ۚ,33,2305,5·461,+1,1003627,1003627,+1,
4,33,corps,V11.7,فَإِن كَانَ لَهُ إِخْوَةٌ فَلِأُمِّهِ السُّدُسُ ۚ,22,1160,2^3·5·29,-1,1003627,1003627,+1,
4,34,corps,V11.8,مِن بَعْدِ وَصِيَّةٍ يُوصِي بِهَا أَوْ دَيْنٍ ۗ,21,472,2^3·59,+1,1003627,1003627,+1,
4,35,corps,V11.9,آبَاؤُكُمْ وَأَبْنَاؤُكُمْ لَا تَدْرُونَ أَيُّهُمْ أَقْرَبُ لَكُمْ نَفْعًا ۚ,36,1537,29·53,+1,1003627,1003627,+1,
4,36,corps,V11.10,فَرِيضَةً مِّنَ اللَّهِ ۗ,11,1251,3^2·139,0,1003627,1003627,+1,
4,37,clausule (récurrente),V11.11,إِنَّ اللَّهَ كَانَ عَلِيمًا حَكِيمًا,19,418,2·11·19,+1,114583,7·16369,+1,
4,38,corps,V12.1,وَلَكُمْ نِصْفُ مَا تَرَكَ أَزْوَاجُكُمْ إِن لَّمْ يَكُن لَّهُنَّ وَلَدٌ ۚ,32,1381,1381,+1,1003627,1003627,+1,
4,39,corps,V12.2,فَإِن كَانَ لَهُنَّ وَلَدٌ فَلَكُمُ الرُّبُعُ مِمَّا تَرَكْنَ ۚ,28,1551,3·11·47,0,1003627,1003627,+1,
4,40,corps,V12.3,مِن بَعْدِ وَصِيَّةٍ يُوصِينَ بِهَا أَوْ دَيْنٍ ۚ,22,522,2·3^2·29,0,1003627,1003627,+1,
4,41,corps,V12.4,وَلَهُنَّ الرُّبُعُ مِمَّا تَرَكْتُمْ إِن لَّمْ يَكُن لَّكُمْ وَلَدٌ ۚ,30,1866,2·3·311,0,1003627,1003627,+1,
4,42,corps,V12.5,فَإِن كَانَ لَكُمْ وَلَدٌ فَلَهُنَّ الثُّمُنُ مِمَّا تَرَكْتُم ۚ,29,2259,3^2·251,0,1003627,1003627,+1,
4,43,corps,V12.6,مِّن بَعْدِ وَصِيَّةٍ تُوصُونَ بِهَا أَوْ دَيْنٍ ۗ,22,908,2^2·227,-1,1003627,1003627,+1,
4,44,corps,V12.7,وَإِن كَانَ رَجُلٌ يُورَثُ كَلَالَةً أَوِ امْرَأَةٌ وَلَهُ أَخٌ أَوْ أُخْتٌ فَلِكُلِّ وَاحِدٍ مِّنْهُمَا السُّدُسُ ۚ,53,3537,3^3·131,0,1003627,1003627,+1,
4,45,corps,V12.8,فَإِن كَانُوا أَكْثَرَ مِن ذَٰلِكَ فَهُمْ شُرَكَاءُ فِي الثُّلُثِ ۚ,32,3568,2^4·223,+1,1003627,1003627,+1,
4,46,corps,V12.9,مِن بَعْدِ وَصِيَّةٍ يُوصَىٰ بِهَا أَوْ دَيْنٍ غَيْرَ مُضَارٍّ ۚ,28,2723,7·389,-1,1003627,1003627,+1,
4,47,corps,V12.10,وَصِيَّةً مِّنَ اللَّهِ ۗ,10,267,3·89,0,1003627,1003627,+1,
4,48,corps,V12.11,وَاللَّهُ عَلِيمٌ حَلِيمٌ,13,310,2·5·31,+1,1003627,1003627,+1,
4,49,corps,V13.1,تِلْكَ حُدُودُ اللَّهِ ۚ,11,538,2·269,+1,1003627,1003627,+1,
4,50,corps,V13.2,وَمَن يُطِعِ اللَّهَ وَرَسُولَهُ يُدْخِلْهُ جَنَّاتٍ تَجْرِي مِن تَحْتِهَا الْأَنْهَارُ خَالِدِينَ فِيهَا ۚ,53,4257,3^2·11·43,0,1003627,1003627,+1,
4,51,corps,V13.3,وَذَٰلِكَ الْفَوْزُ الْعَظِيمُ,15,1931,1931,-1,1003627,1003627,+1,
4,52,corps,V14,وَمَن يَعْصِ اللَّهَ وَرَسُولَهُ وَيَتَعَدَّ حُدُودَهُ يُدْخِلْهُ نَارًا خَالِدًا فِيهَا وَلَهُ عَذَابٌ مُّهِينٌ,55,3708,2^2·3^2·103,0,1003627,1003627,+1,
4,53,corps,V15.1,وَاللَّاتِي يَأْتِينَ الْفَاحِشَةَ مِن نِّسَائِكُمْ فَاسْتَشْهِدُوا عَلَيْهِنَّ أَرْبَعَةً مِّنكُمْ ۖ,50,3095,5·619,-1,1003627,1003627,+1,
4,54,corps,V15.2,فَإِن شَهِدُوا فَأَمْسِكُوهُنَّ فِي الْبُيُوتِ حَتَّىٰ يَتَوَفَّاهُنَّ الْمَوْتُ أَوْ يَجْعَلَ اللَّهُ لَهُنَّ سَبِيلًا,57,3069,3^2·11·31,0,1003627,1003627,+1,
4,55,corps,V16.1,وَاللَّذَانِ يَأْتِيَانِهَا مِنكُمْ فَآذُوهُمَا ۖ,26,2279,43·53,-1,1003627,1003627,+1,
4,56,corps,V16.2,فَإِن تَابَا وَأَصْلَحَا فَأَعْرِضُوا عَنْهُمَا ۗ,25,1995,3·5·7·19,0,1003627,1003627,+1,
4,57,corps,V16.3,إِنَّ اللَّهَ كَانَ تَوَّابًا رَّحِيمًا,19,857,857,-1,1003627,1003627,+1,
4,58,corps,V17.1,إِنَّمَا التَّوْبَةُ عَلَى اللَّهِ لِلَّذِينَ يَعْمَلُونَ السُّوءَ بِجَهَالَةٍ ثُمَّ يَتُوبُونَ مِن قَرِيبٍ فَأُولَـٰئِكَ يَتُوبُ اللَّهُ عَلَيْهِمْ ۗ,72,4084,2^2·1021,+1,1003627,1003627,+1,
4,59,clausule (récurrente),V17.2,وَكَانَ اللَّهُ عَلِيمًا حَكِيمًا,18,373,373,+1,114583,7·16369,+1,
4,60,corps,V18.1,وَلَيْسَتِ التَّوْبَةُ لِلَّذِينَ يَعْمَلُونَ السَّيِّئَاتِ حَتَّىٰ إِذَا حَضَرَ أَحَدَهُمُ الْمَوْتُ قَالَ إِنِّي تُبْتُ الْآنَ وَلَا الَّذِينَ يَمُوتُونَ وَهُمْ كُفَّارٌ ۚ,82,7919,7919,-1,1003627,1003627,+1,
4,61,corps,V18.2,أُولَـٰئِكَ أَعْتَدْنَا لَهُمْ عَذَابًا أَلِيمًا,24,1524,2^2·3·127,0,1003627,1003627,+1,
4,62,corps,V19.1,يَا أَيُّهَا الَّذِينَ آمَنُوا لَا يَحِلُّ لَكُمْ أَن تَرِثُوا النِّسَاءَ كَرْهًا ۖ,41,2613,3·13·67,0,1003627,1003627,+1,
4,63,corps,V19.2,وَلَا تَعْضُلُوهُنَّ لِتَذْهَبُوا بِبَعْضِ مَا آتَيْتُمُوهُنَّ إِلَّا أَن يَأْتِينَ بِفَاحِشَةٍ مُّبَيِّنَةٍ ۚ,52,5426,2·2713,-1,1003627,1003627,+1,
4,64,corps,V19.3,وَعَاشِرُوهُنَّ بِالْمَعْرُوفِ ۚ,16,1067,11·97,-1,1003627,1003627,+1,
4,65,corps,V19.4,فَإِن كَرِهْتُمُوهُنَّ فَعَسَىٰ أَن تَكْرَهُوا شَيْئًا وَيَجْعَلَ اللَّهُ فِيهِ خَيْرًا كَثِيرًا,48,3903,3·1301,0,1003627,1003627,+1,
4,66,corps,V20.1,وَإِنْ أَرَدتُّمُ اسْتِبْدَالَ زَوْجٍ مَّكَانَ زَوْجٍ وَآتَيْتُمْ إِحْدَاهُنَّ قِنطَارًا فَلَا تَأْخُذُوا مِنْهُ شَيْئًا ۚ,59,4865,5·7·139,-1,1003627,1003627,+1,
4,67,corps,V20.2,أَتَأْخُذُونَهُ بُهْتَانًا وَإِثْمًا مُّبِينًا,24,2873,13^2·17,-1,1003627,1003627,+1,
4,68,corps,V21,وَكَيْفَ تَأْخُذُونَهُ وَقَدْ أَفْضَىٰ بَعْضُكُمْ إِلَىٰ بَعْضٍ وَأَخَذْنَ مِنكُم مِّيثَاقًا غَلِيظًا,49,8824,2^3·1103,+1,1003627,1003627,+1,
4,69,clausule (récurrente),V22.1,وَلَا تَنكِحُوا مَا نَكَحَ آبَاؤُكُم مِّنَ النِّسَاءِ إِلَّا مَا قَدْ سَلَفَ ۚ,38,1291,1291,+1,114583,7·16369,+1,
4,70,corps,V22.2,إِنَّهُ كَانَ فَاحِشَةً وَمَقْتًا وَسَاءَ سَبِيلًا,25,1239,3·7·59,0,1003627,1003627,+1,
4,71,corps,V23.1,حُرِّمَتْ عَلَيْكُمْ أُمَّهَاتُكُمْ وَبَنَاتُكُمْ وَأَخَوَاتُكُمْ وَعَمَّاتُكُمْ وَخَالَاتُكُمْ وَبَنَاتُ الْأَخِ وَبَنَاتُ الْأُخْتِ وَأُمَّهَاتُكُمُ اللَّاتِي أَرْضَعْنَكُمْ وَأَخَوَاتُكُم مِّنَ الرَّضَاعَةِ وَأُمَّهَاتُ نِسَائِكُمْ وَرَبَائِبُكُمُ اللَّاتِي فِي حُجُورِكُم مِّن نِّسَائِكُمُ اللَّاتِي دَخَلْتُم بِهِنَّ فَإِن لَّمْ تَكُونُوا دَخَلْتُم بِهِنَّ فَلَا جُنَاحَ عَلَيْكُمْ وَحَلَائِلُ أَبْنَائِكُمُ الَّذِينَ مِنْ أَصْلَابِكُمْ وَأَن تَجْمَعُوا بَيْنَ الْأُخْتَيْنِ إِلَّا مَا قَدْ سَلَفَ ۗ,246,20750,2·5^3·83,-1,1003627,1003627,+1,
4,72,clausule (récurrente),V23.2,إِنَّ اللَّهَ كَانَ غَفُورًا رَّحِيمًا,19,1734,2·3·17^2,0,114583,7·16369,+1,
4,73,corps,V24.1,وَالْمُحْصَنَاتُ مِنَ النِّسَاءِ إِلَّا مَا مَلَكَتْ أَيْمَانُكُمْ ۖ,33,1584,2^4·3^2·11,0,1003627,1003627,+1,
4,74,corps,V24.2,كِتَابَ اللَّهِ عَلَيْكُمْ ۚ,13,659,659,-1,1003627,1003627,+1,
4,75,corps,V24.3,وَأُحِلَّ لَكُم مَّا وَرَاءَ ذَٰلِكُمْ أَن تَبْتَغُوا بِأَمْوَالِكُم مُّحْصِنِينَ غَيْرَ مُسَافِحِينَ ۚ,49,4881,3·1627,0,1003627,1003627,+1,
4,76,clausule (récurrente),V24.4,فَمَا اسْتَمْتَعْتُم بِهِ مِنْهُنَّ فَآتُوهُنَّ أُجُورَهُنَّ فَرِيضَةً ۚ,34,3586,2·11·163,+1,114583,7·16369,+1,
4,77,corps,V24.5,وَلَا جُنَاحَ عَلَيْكُمْ فِيمَا تَرَاضَيْتُم بِهِ مِن بَعْدِ الْفَرِيضَةِ ۚ,37,3550,2·5^2·71,+1,1003627,1003627,+1,
4,78,clausule (récurrente),V24.6,إِنَّ اللَّهَ كَانَ عَلِيمًا حَكِيمًا,19,418,2·11·19,+1,114583,7·16369,+1,
4,79,corps,V25.1,وَمَن لَّمْ يَسْتَطِعْ مِنكُمْ طَوْلًا أَن يَنكِحَ الْمُحْصَنَاتِ الْمُؤْمِنَاتِ فَمِن مَّا مَلَكَتْ أَيْمَانُكُم مِّن فَتَيَاتِكُمُ الْمُؤْمِنَاتِ ۚ,73,4710,2·3·5·157,0,1003627,1003627,+1,
4,80,clausule (récurrente),V25.2,وَاللَّهُ أَعْلَمُ بِإِيمَانِكُم ۚ,17,377,13·29,-1,114583,7·16369,+1,
4,81,corps,V25.3,بَعْضُكُم مِّن بَعْضٍ ۚ,10,1894,2·947,+1,1003627,1003627,+1,
4,82,corps,V25.4,فَانكِحُوهُنَّ بِإِذْنِ أَهْلِهِنَّ وَآتُوهُنَّ أُجُورَهُنَّ بِالْمَعْرُوفِ مُحْصَنَاتٍ غَيْرَ مُسَافِحَاتٍ وَلَا مُتَّخِذَاتِ أَخْدَانٍ ۚ,67,7449,3·13·191,0,1003627,1003627,+1,
4,83,corps,V25.5,فَإِذَا أُحْصِنَّ فَإِنْ أَتَيْنَ بِفَاحِشَةٍ فَعَلَيْهِنَّ نِصْفُ مَا عَلَى الْمُحْصَنَاتِ مِنَ الْعَذَابِ ۚ,51,4049,4049,-1,1003627,1003627,+1,
4,84,corps,V25.6,ذَٰلِكَ لِمَنْ خَشِيَ الْعَنَتَ مِنكُمْ ۚ,18,2481,3·827,0,1003627,1003627,+1,
4,85,corps,V25.7,وَأَن تَصْبِرُوا خَيْرٌ لَّكُمْ ۗ,15,1656,2^3·3^2·23,0,1003627,1003627,+1,
4,86,clausule (récurrente),V25.8,وَاللَّهُ غَفُورٌ رَّحِيمٌ,13,1616,2^4·101,-1,114583,7·16369,+1,
4,87,clausule (récurrente),V26.1,يُرِيدُ اللَّهُ لِيُبَيِّنَ لَكُمْ وَيَهْدِيَكُمْ سُنَنَ الَّذِينَ مِن قَبْلِكُمْ وَيَتُوبَ عَلَيْكُمْ ۗ,48,2404,2^2·601,+1,114583,7·16369,+1,
4,88,corps,V26.2,وَاللَّهُ عَلِيمٌ حَكِيمٌ,13,300,2^2·3·5^2,0,1003627,1003627,+1,
4,89,corps,V27,وَاللَّهُ يُرِيدُ أَن يَتُوبَ عَلَيْكُمْ وَيُرِيدُ الَّذِينَ يَتَّبِعُونَ الشَّهَوَاتِ أَن تَمِيلُوا مَيْلًا عَظِيمًا,60,4877,4877,-1,1003627,1003627,+1,
4,90,clausule (récurrente),V28.1,يُرِيدُ اللَّهُ أَن يُخَفِّفَ عَنكُمْ ۚ,18,1291,1291,+1,114583,7·16369,+1,
4,91,corps,V28.2,وَخُلِقَ الْإِنسَانُ ضَعِيفًا,16,1890,2·3^3·5·7,0,1003627,1003627,+1,
4,92,corps,V29.1,يَا أَيُّهَا الَّذِينَ آمَنُوا لَا تَأْكُلُوا أَمْوَالَكُم بَيْنَكُم بِالْبَاطِلِ إِلَّا أَن تَكُونَ تِجَارَةً عَن تَرَاضٍ مِّنكُمْ ۚ,67,4580,2^2·5·229,-1,1003627,1003627,+1,
4,93,corps,V29.2,وَلَا تَقْتُلُوا أَنفُسَكُمْ ۚ,15,1225,5^2·7^2,+1,1003627,1003627,+1,
4,94,corps,V29.3,إِنَّ اللَّهَ كَانَ بِكُمْ رَحِيمًا,17,509,509,-1,1003627,1003627,+1,
4,95,corps,V30.1,وَمَن يَفْعَلْ ذَٰلِكَ عُدْوَانًا وَظُلْمًا فَسَوْفَ نُصْلِيهِ نَارًا ۚ,34,2808,2^3·3^3·13,0,1003627,1003627,+1,
4,96,clausule (récurrente),V30.2,وَكَانَ ذَٰلِكَ عَلَى اللَّهِ يَسِيرًا,19,1284,2^2·3·107,0,114583,7·16369,+1,
4,97,corps,V31,إِن تَجْتَنِبُوا كَبَائِرَ مَا تُنْهَوْنَ عَنْهُ نُكَفِّرْ عَنكُمْ سَيِّئَاتِكُمْ وَنُدْخِلْكُم مُّدْخَلًا كَرِيمًا,56,4590,2·3^3·5·17,0,1003627,1003627,+1,
4,98,corps,V32.1,وَلَا تَتَمَنَّوْا مَا فَضَّلَ اللَّهُ بِهِ بَعْضَكُمْ عَلَىٰ بَعْضٍ ۚ,31,3872,2^5·11^2,-1,1003627,1003627,+1,
4,99,corps,V32.2,لِّلرِّجَالِ نَصِيبٌ مِّمَّا اكْتَسَبُوا ۖ,20,1017,3^2·113,0,1003627,1003627,+1,
4,100,corps,V32.3,وَلِلنِّسَاءِ نَصِيبٌ مِّمَّا اكْتَسَبْنَ ۚ,20,944,2^4·59,-1,1003627,1003627,+1,
4,101,corps,V32.4,وَاسْأَلُوا اللَّهَ مِن فَضْلِهِ ۗ,17,1176,2^3·3·7^2,0,1003627,1003627,+1,
4,102,corps,V32.5,إِنَّ اللَّهَ كَانَ بِكُلِّ شَيْءٍ عَلِيمًا,20,702,2·3^3·13,0,1003627,1003627,+1,
4,103,corps,V33.1,وَلِكُلٍّ جَعَلْنَا مَوَالِيَ مِمَّا تَرَكَ الْوَالِدَانِ وَالْأَقْرَبُونَ ۚ,37,1547,7·13·17,-1,1003627,1003627,+1,
4,104,corps,V33.2,وَالَّذِينَ عَقَدَتْ أَيْمَانُكُمْ فَآتُوهُمْ نَصِيبَهُمْ ۚ,29,2262,2·3·13·29,0,1003627,1003627,+1,
4,105,corps,V33.3,إِنَّ اللَّهَ كَانَ عَلَىٰ كُلِّ شَيْءٍ شَهِيدًا,22,979,11·89,+1,1003627,1003627,+1,
4,106,corps,V34.1,الرِّجَالُ قَوَّامُونَ عَلَى النِّسَاءِ بِمَا فَضَّلَ اللَّهُ بَعْضَهُمْ عَلَىٰ بَعْضٍ وَبِمَا أَنفَقُوا مِنْ أَمْوَالِهِمْ ۚ,61,4139,4139,-1,1003627,1003627,+1,
4,107,corps,V34.2,فَالصَّالِحَاتُ قَانِتَاتٌ حَافِظَاتٌ لِّلْغَيْبِ بِمَا حَفِظَ اللَّهُ ۚ,36,5152,2^5·7·23,+1,1003627,1003627,+1,
4,108,corps,V34.3,وَاللَّاتِي تَخَافُونَ نُشُوزَهُنَّ فَعِظُوهُنَّ وَاهْجُرُوهُنَّ فِي الْمَضَاجِعِ وَاضْرِبُوهُنَّ ۖ,50,5525,5^2·13·17,-1,1003627,1003627,+1,
4,109,corps,V34.4,فَإِنْ أَطَعْنَكُمْ فَلَا تَبْغُوا عَلَيْهِنَّ سَبِيلًا ۗ,27,2109,3·19·37,0,1003627,1003627,+1,
4,110,corps,V34.5,إِنَّ اللَّهَ كَانَ عَلِيًّا كَبِيرًا,18,532,2^2·7·19,+1,1003627,1003627,+1,
4,111,corps,V35.1,وَإِنْ خِفْتُمْ شِقَاقَ بَيْنِهِمَا فَابْعَثُوا حَكَمًا مِّنْ أَهْلِهِ وَحَكَمًا مِّنْ أَهْلِهَا إِن يُرِيدَا إِصْلَاحًا يُوَفِّقِ اللَّهُ بَيْنَهُمَا ۗ,73,3630,2·3·5·11^2,0,1003627,1003627,+1,
4,112,corps,V35.2,إِنَّ اللَّهَ كَانَ عَلِيمًا خَبِيرًا,19,1152,2^7·3^2,0,1003627,1003627,+1,
4,113,corps,V36.1,وَاعْبُدُوا اللَّهَ وَلَا تُشْرِكُوا بِهِ شَيْئًا ۖ,26,1448,2^3·181,-1,1003627,1003627,+1,
4,114,corps,V36.2,وَبِالْوَالِدَيْنِ إِحْسَانًا وَبِذِي الْقُرْبَىٰ وَالْيَتَامَىٰ وَالْمَسَاكِينِ وَالْجَارِ ذِي الْقُرْبَىٰ وَالْجَارِ الْجُنُبِ وَالصَّاحِبِ بِالْجَنبِ وَابْنِ السَّبِيلِ وَمَا مَلَكَتْ أَيْمَانُكُمْ ۗ,105,4776,2^3·3·199,0,1003627,1003627,+1,
4,115,corps,V36.3,إِنَّ اللَّهَ لَا يُحِبُّ مَن كَانَ مُخْتَالًا فَخُورًا,27,2288,2^4·11·13,-1,1003627,1003627,+1,
4,116,corps,V37.1,الَّذِينَ يَبْخَلُونَ وَيَأْمُرُونَ النَّاسَ بِالْبُخْلِ وَيَكْتُمُونَ مَا آتَاهُمُ اللَّهُ مِن فَضْلِهِ ۗ,53,4700,2^2·5^2·47,-1,1003627,1003627,+1,
4,117,clausule (récurrente),V37.2,وَأَعْتَدْنَا لِلْكَافِرِينَ عَذَابًا مُّهِينًا,25,1833,3·13·47,0,114583,7·16369,+1,
4,118,corps,V38.1,وَالَّذِينَ يُنفِقُونَ أَمْوَالَهُمْ رِئَاءَ النَّاسِ وَلَا يُؤْمِنُونَ بِاللَّهِ وَلَا بِالْيَوْمِ الْآخِرِ ۗ,56,2795,5·13·43,-1,1003627,1003627,+1,
4,119,corps,V38.2,وَمَن يَكُنِ الشَّيْطَانُ لَهُ قَرِينًا فَسَاءَ قَرِينًا,29,1476,2^2·3^2·41,0,1003627,1003627,+1,
4,120,corps,V39.1,وَمَاذَا عَلَيْهِمْ لَوْ آمَنُوا بِاللَّهِ وَالْيَوْمِ الْآخِرِ وَأَنفَقُوا مِمَّا رَزَقَهُمُ اللَّهُ ۚ,52,2773,47·59,+1,1003627,1003627,+1,
4,121,corps,V39.2,وَكَانَ اللَّهُ بِهِمْ عَلِيمًا,16,341,11·31,-1,1003627,1003627,+1,
4,122,corps,V40.1,إِنَّ اللَّهَ لَا يَظْلِمُ مِثْقَالَ ذَرَّةٍ ۖ,20,2704,2^4·13^2,+1,1003627,1003627,+1,
4,123,corps,V40.2,وَإِن تَكُ حَسَنَةً يُضَاعِفْهَا وَيُؤْتِ مِن لَّدُنْهُ أَجْرًا عَظِيمًا,35,3394,2·1697,+1,1003627,1003627,+1,
4,124,corps,V41,فَكَيْفَ إِذَا جِئْنَا مِن كُلِّ أُمَّةٍ بِشَهِيدٍ وَجِئْنَا بِكَ عَلَىٰ هَـٰؤُلَاءِ شَهِيدًا,43,2028,2^2·3·13^2,0,1003627,1003627,+1,
4,125,corps,V42,يَوْمَئِذٍ يَوَدُّ الَّذِينَ كَفَرُوا وَعَصَوُا الرَّسُولَ لَوْ تُسَوَّىٰ بِهِمُ الْأَرْضُ وَلَا يَكْتُمُونَ اللَّهَ حَدِيثًا,61,5127,3·1709,0,1003627,1003627,+1,
4,126,corps,V43.1,يَا أَيُّهَا الَّذِينَ آمَنُوا لَا تَقْرَبُوا الصَّلَاةَ وَأَنتُمْ سُكَارَىٰ حَتَّىٰ تَعْلَمُوا مَا تَقُولُونَ وَلَا جُنُبًا إِلَّا عَابِرِي سَبِيلٍ حَتَّىٰ تَغْتَسِلُوا ۚ,86,7025,5^2·281,-1,1003627,1003627,+1,
4,127,corps,V43.2,وَإِن كُنتُم مَّرْضَىٰ أَوْ عَلَىٰ سَفَرٍ أَوْ جَاءَ أَحَدٌ مِّنكُم مِّنَ الْغَائِطِ أَوْ لَامَسْتُمُ النِّسَاءَ فَلَمْ تَجِدُوا مَاءً فَتَيَمَّمُوا صَعِيدًا طَيِّبًا فَامْسَحُوا بِوُجُوهِكُمْ وَأَيْدِيكُمْ ۗ,101,5860,2^2·5·293,+1,1003627,1003627,+1,
4,128,corps,V43.3,إِنَّ اللَّهَ كَانَ عَفُوًّا غَفُورًا,18,1632,2^5·3·17,0,1003627,1003627,+1,
4,129,corps,V44,أَلَمْ تَرَ إِلَى الَّذِينَ أُوتُوا نَصِيبًا مِّنَ الْكِتَابِ يَشْتَرُونَ الضَّلَالَةَ وَيُرِيدُونَ أَن تَضِلُّوا السَّبِيلَ,64,6184,2^3·773,+1,1003627,1003627,+1,
4,130,corps,V45.1,وَاللَّهُ أَعْلَمُ بِأَعْدَائِكُمْ ۚ,17,361,19^2,+1,1003627,1003627,+1,
4,131,clausule (récurrente),V45.2,وَكَفَىٰ بِاللَّهِ وَلِيًّا وَكَفَىٰ بِاللَّهِ نَصِيرًا,27,766,2·383,+1,114583,7·16369,+1,
4,132,corps,V46.1,مِّنَ الَّذِينَ هَادُوا يُحَرِّفُونَ الْكَلِمَ عَن مَّوَاضِعِهِ وَيَقُولُونَ سَمِعْنَا وَعَصَيْنَا وَاسْمَعْ غَيْرَ مُسْمَعٍ وَرَاعِنَا لَيًّا بِأَلْسِنَتِهِمْ وَطَعْنًا فِي الدِّينِ ۚ,90,5946,2·3·991,0,1003627,1003627,+1,
4,133,corps,V46.2,وَلَوْ أَنَّهُمْ قَالُوا سَمِعْنَا وَأَطَعْنَا وَاسْمَعْ وَانظُرْنَا لَكَانَ خَيْرًا لَّهُمْ وَأَقْوَمَ وَلَـٰكِن لَّعَنَهُمُ اللَّهُ بِكُفْرِهِمْ فَلَا يُؤْمِنُونَ إِلَّا قَلِيلًا,87,4349,4349,-1,1003627,1003627,+1,
4,134,corps,V47.1,يَا أَيُّهَا الَّذِينَ أُوتُوا الْكِتَابَ آمِنُوا بِمَا نَزَّلْنَا مُصَدِّقًا لِّمَا مَعَكُم مِّن قَبْلِ أَن نَّطْمِسَ وُجُوهًا فَنَرُدَّهَا عَلَىٰ أَدْبَارِهَا أَوْ نَلْعَنَهُمْ كَمَا لَعَنَّا أَصْحَابَ السَّبْتِ ۚ,104,4618,2·2309,+1,1003627,1003627,+1,
4,135,corps,V47.2,وَكَانَ أَمْرُ اللَّهِ مَفْعُولًا,17,611,13·47,-1,1003627,1003627,+1,
4,136,clausule (récurrente),V48.1,إِنَّ اللَّهَ لَا يَغْفِرُ أَن يُشْرَكَ بِهِ وَيَغْفِرُ مَا دُونَ ذَٰلِكَ لِمَن يَشَاءُ ۚ,40,4605,3·5·307,0,114583,7·16369,+1,
4,137,clausule (récurrente),V48.2,وَمَن يُشْرِكْ بِاللَّهِ فَقَدِ افْتَرَىٰ إِثْمًا عَظِيمًا,29,3132,2^2·3^3·29,0,114583,7·16369,+1,
4,138,corps,V49.1,أَلَمْ تَرَ إِلَى الَّذِينَ يُزَكُّونَ أَنفُسَهُم ۚ,24,1832,2^3·229,-1,1003627,1003627,+1,
4,139,clausule (récurrente),V49.2,بَلِ اللَّهُ يُزَكِّي مَن يَشَاءُ وَلَا يُظْلَمُونَ فَتِيلًا,30,2141,2141,-1,114583,7·16369,+1,
4,140,corps,V50.1,انظُرْ كَيْفَ يَفْتَرُونَ عَلَى اللَّهِ الْكَذِبَ ۖ,25,2936,2^3·367,-1,1003627,1003627,+1,
4,141,corps,V50.2,وَكَفَىٰ بِهِ إِثْمًا مُّبِينًا,15,768,2^8·3,0,1003627,1003627,+1,
4,142,corps,V51,أَلَمْ تَرَ إِلَى الَّذِينَ أُوتُوا نَصِيبًا مِّنَ الْكِتَابِ يُؤْمِنُونَ بِالْجِبْتِ وَالطَّاغُوتِ وَيَقُولُونَ لِلَّذِينَ كَفَرُوا هَـٰؤُلَاءِ أَهْدَىٰ مِنَ الَّذِينَ آمَنُوا سَبِيلًا,94,7147,7·1021,+1,1003627,1003627,+1,
4,143,corps,V52.1,أُولَـٰئِكَ الَّذِينَ لَعَنَهُمُ اللَّهُ ۖ,19,1119,3·373,0,1003627,1003627,+1,
4,144,corps,V52.2,وَمَن يَلْعَنِ اللَّهُ فَلَن تَجِدَ لَهُ نَصِيرًا,24,1275,3·5^2·17,0,1003627,1003627,+1,
4,145,corps,V53,أَمْ لَهُمْ نَصِيبٌ مِّنَ الْمُلْكِ فَإِذًا لَّا يُؤْتُونَ النَّاسَ نَقِيرًا,37,2267,2267,-1,1003627,1003627,+1,
4,146,corps,V54.1,أَمْ يَحْسُدُونَ النَّاسَ عَلَىٰ مَا آتَاهُمُ اللَّهُ مِن فَضْلِهِ ۖ,33,1990,2·5·199,+1,1003627,1003627,+1,
4,147,corps,V54.2,فَقَدْ آتَيْنَا آلَ إِبْرَاهِيمَ الْكِتَابَ وَالْحِكْمَةَ وَآتَيْنَاهُم مُّلْكًا عَظِيمًا,47,3125,5^5,-1,1003627,1003627,+1,
4,148,corps,V55.1,فَمِنْهُم مَّنْ آمَنَ بِهِ وَمِنْهُم مَّن صَدَّ عَنْهُ ۚ,24,853,853,+1,1003627,1003627,+1,
4,149,corps,V55.2,وَكَفَىٰ بِجَهَنَّمَ سَعِيرًا,14,557,557,-1,1003627,1003627,+1,
4,150,corps,V56.1,إِنَّ الَّذِينَ كَفَرُوا بِآيَاتِنَا سَوْفَ نُصْلِيهِمْ نَارًا كُلَّمَا نَضِجَتْ جُلُودُهُم بَدَّلْنَاهُمْ جُلُودًا غَيْرَهَا لِيَذُوقُوا الْعَذَابَ ۗ,76,6718,2·3359,+1,1003627,1003627,+1,
4,151,clausule (récurrente),V56.2,إِنَّ اللَّهَ كَانَ عَزِيزًا حَكِيمًا,19,362,2·181,-1,114583,7·16369,+1,
4,152,clausule (récurrente),V57.1,وَالَّذِينَ آمَنُوا وَعَمِلُوا الصَّالِحَاتِ سَنُدْخِلُهُمْ جَنَّاتٍ تَجْرِي مِن تَحْتِهَا الْأَنْهَارُ خَالِدِينَ فِيهَا أَبَدًا ۖ,68,5456,2^4·11·31,-1,114583,7·16369,+1,
4,153,corps,V57.2,لَّهُمْ فِيهَا أَزْوَاجٌ مُّطَهَّرَةٌ ۖ,17,448,2^6·7,+1,1003627,1003627,+1,
4,154,corps,V57.3,وَنُدْخِلُهُمْ ظِلًّا ظَلِيلًا,15,2637,3^2·293,0,1003627,1003627,+1,
4,155,clausule (récurrente),V58.1,إِنَّ اللَّهَ يَأْمُرُكُمْ أَن تُؤَدُّوا الْأَمَانَاتِ إِلَىٰ أَهْلِهَا وَإِذَا حَكَمْتُم بَيْنَ النَّاسِ أَن تَحْكُمُوا بِالْعَدْلِ ۚ,66,3586,2·11·163,+1,114583,7·16369,+1,
4,156,corps,V58.2,إِنَّ اللَّهَ نِعِمَّا يَعِظُكُم بِهِ ۗ,17,1325,5^2·53,-1,1003627,1003627,+1,
4,157,corps,V58.3,إِنَّ اللَّهَ كَانَ سَمِيعًا بَصِيرًا,19,672,2^5·3·7,0,1003627,1003627,+1,
4,158,corps,V59.1,يَا أَيُّهَا الَّذِينَ آمَنُوا أَطِيعُوا اللَّهَ وَأَطِيعُوا الرَّسُولَ وَأُولِي الْأَمْرِ مِنكُمْ ۖ,53,1985,5·397,-1,1003627,1003627,+1,
4,159,corps,V59.2,فَإِن تَنَازَعْتُمْ فِي شَيْءٍ فَرُدُّوهُ إِلَى اللَّهِ وَالرَّسُولِ إِن كُنتُمْ تُؤْمِنُونَ بِاللَّهِ وَالْيَوْمِ الْآخِرِ ۚ,62,4341,3·1447,0,1003627,1003627,+1,
4,160,corps,V59.3,ذَٰلِكَ خَيْرٌ وَأَحْسَنُ تَأْوِيلًا,17,2133,3^3·79,0,1003627,1003627,+1,
4,161,corps,V60,أَلَمْ تَرَ إِلَى الَّذِينَ يَزْعُمُونَ أَنَّهُمْ آمَنُوا بِمَا أُنزِلَ إِلَيْكَ وَمَا أُنزِلَ مِن قَبْلِكَ يُرِيدُونَ أَن يَتَحَاكَمُوا إِلَى الطَّاغُوتِ وَقَدْ أُمِرُوا أَن يَكْفُرُوا بِهِ وَيُرِيدُ الشَّيْطَانُ أَن يُضِلَّهُمْ ضَلَالًا بَعِيدًا,125,8003,53·151,-1,1003627,1003627,+1,
4,162,corps,V61,وَإِذَا قِيلَ لَهُمْ تَعَالَوْا إِلَىٰ مَا أَنزَلَ اللَّهُ وَإِلَى الرَّسُولِ رَأَيْتَ الْمُنَافِقِينَ يَصُدُّونَ عَنكَ صُدُودًا,65,3419,13·263,-1,1003627,1003627,+1,
4,163,corps,V62,فَكَيْفَ إِذَا أَصَابَتْهُم مُّصِيبَةٌ بِمَا قَدَّمَتْ أَيْدِيهِمْ ثُمَّ جَاءُوكَ يَحْلِفُونَ بِاللَّهِ إِنْ أَرَدْنَا إِلَّا إِحْسَانًا وَتَوْفِيقًا,73,4121,13·317,-1,1003627,1003627,+1,
4,164,corps,V63,أُولَـٰئِكَ الَّذِينَ يَعْلَمُ اللَّهُ مَا فِي قُلُوبِهِمْ فَأَعْرِضْ عَنْهُمْ وَعِظْهُمْ وَقُل لَّهُمْ فِي أَنفُسِهِمْ قَوْلًا بَلِيغًا,65,5442,2·3·907,0,1003627,1003627,+1,
4,165,corps,V64.1,وَمَا أَرْسَلْنَا مِن رَّسُولٍ إِلَّا لِيُطَاعَ بِإِذْنِ اللَّهِ ۚ,31,1746,2·3^2·97,0,1003627,1003627,+1,
4,166,corps,V64.2,وَلَوْ أَنَّهُمْ إِذ ظَّلَمُوا أَنفُسَهُمْ جَاءُوكَ فَاسْتَغْفَرُوا اللَّهَ وَاسْتَغْفَرَ لَهُمُ الرَّسُولُ لَوَجَدُوا اللَّهَ تَوَّابًا رَّحِيمًا,74,6911,6911,-1,1003627,1003627,+1,
4,167,corps,V65,فَلَا وَرَبِّكَ لَا يُؤْمِنُونَ حَتَّىٰ يُحَكِّمُوكَ فِيمَا شَجَرَ بَيْنَهُمْ ثُمَّ لَا يَجِدُوا فِي أَنفُسِهِمْ حَرَجًا مِّمَّا قَضَيْتَ وَيُسَلِّمُوا تَسْلِيمًا,77,5013,3^2·557,0,1003627,1003627,+1,
4,168,corps,V66.1,وَلَوْ أَنَّا كَتَبْنَا عَلَيْهِمْ أَنِ اقْتُلُوا أَنفُسَكُمْ أَوِ اخْرُجُوا مِن دِيَارِكُم مَّا فَعَلُوهُ إِلَّا قَلِيلٌ مِّنْهُمْ ۖ,64,3314,2·1657,-1,1003627,1003627,+1,
4,169,corps,V66.2,وَلَوْ أَنَّهُمْ فَعَلُوا مَا يُوعَظُونَ بِهِ لَكَانَ خَيْرًا لَّهُمْ وَأَشَدَّ تَثْبِيتًا,43,4026,2·3·11·61,0,1003627,1003627,+1,
4,170,corps,V67,وَإِذًا لَّآتَيْنَاهُم مِّن لَّدُنَّا أَجْرًا عَظِيمًا,27,2646,2·3^3·7^2,0,1003627,1003627,+1,
4,171,corps,V68,وَلَهَدَيْنَاهُمْ صِرَاطًا مُّسْتَقِيمًا,21,1103,1103,-1,1003627,1003627,+1,
4,172,clausule (récurrente),V69.1,وَمَن يُطِعِ اللَّهَ وَالرَّسُولَ فَأُولَـٰئِكَ مَعَ الَّذِينَ أَنْعَمَ اللَّهُ عَلَيْهِم مِّنَ النَّبِيِّينَ وَالصِّدِّيقِينَ وَالشُّهَدَاءِ وَالصَّالِحِينَ ۚ,78,3132,2^2·3^3·29,0,114583,7·16369,+1,
4,173,corps,V69.2,وَحَسُنَ أُولَـٰئِكَ رَفِيقًا,14,582,2·3·97,0,1003627,1003627,+1,
4,174,corps,V70.1,ذَٰلِكَ الْفَضْلُ مِنَ اللَّهِ ۚ,14,1847,1847,-1,1003627,1003627,+1,
4,175,corps,V70.2,وَكَفَىٰ بِاللَّهِ عَلِيمًا,14,335,5·67,-1,1003627,1003627,+1,
4,176,clausule (récurrente),V71,يَا أَيُّهَا الَّذِينَ آمَنُوا خُذُوا حِذْرَكُمْ فَانفِرُوا ثُبَاتٍ أَوِ انفِرُوا جَمِيعًا,49,4982,2·47·53,-1,114583,7·16369,+1,
4,177,corps,V72,وَإِنَّ مِنكُمْ لَمَن لَّيُبَطِّئَنَّ فَإِنْ أَصَابَتْكُم مُّصِيبَةٌ قَالَ قَدْ أَنْعَمَ اللَّهُ عَلَيَّ إِذْ لَمْ أَكُن مَّعَهُمْ شَهِيدًا,63,3159,3^5·13,0,1003627,1003627,+1,
4,178,corps,V73,وَلَئِنْ أَصَابَكُمْ فَضْلٌ مِّنَ اللَّهِ لَيَقُولَنَّ كَأَن لَّمْ تَكُن بَيْنَكُمْ وَبَيْنَهُ مَوَدَّةٌ يَا لَيْتَنِي كُنتُ مَعَهُمْ فَأَفُوزَ فَوْزًا عَظِيمًا,75,4828,2^2·17·71,+1,1003627,1003627,+1,
4,179,corps,V74.1,فَلْيُقَاتِلْ فِي سَبِيلِ اللَّهِ الَّذِينَ يَشْرُونَ الْحَيَاةَ الدُّنْيَا بِالْآخِرَةِ ۚ,46,3256,2^3·11·37,+1,1003627,1003627,+1,
4,180,corps,V74.2,وَمَن يُقَاتِلْ فِي سَبِيلِ اللَّهِ فَيُقْتَلْ أَوْ يَغْلِبْ فَسَوْفَ نُؤْتِيهِ أَجْرًا عَظِيمًا,47,4487,7·641,-1,1003627,1003627,+1,
4,181,corps,V75,وَمَا لَكُمْ لَا تُقَاتِلُونَ فِي سَبِيلِ اللَّهِ وَالْمُسْتَضْعَفِينَ مِنَ الرِّجَالِ وَالنِّسَاءِ وَالْوِلْدَانِ الَّذِينَ يَقُولُونَ رَبَّنَا أَخْرِجْنَا مِنْ هَـٰذِهِ الْقَرْيَةِ الظَّالِمِ أَهْلُهَا وَاجْعَل لَّنَا مِن لَّدُنكَ وَلِيًّا وَاجْعَل لَّنَا مِن لَّدُنكَ نَصِيرًا,139,9051,3·7·431,0,1003627,1003627,+1,
4,182,corps,V76.1,الَّذِينَ آمَنُوا يُقَاتِلُونَ فِي سَبِيلِ اللَّهِ ۖ,27,1744,2^4·109,+1,1003627,1003627,+1,
4,183,corps,V76.2,وَالَّذِينَ كَفَرُوا يُقَاتِلُونَ فِي سَبِيلِ الطَّاغُوتِ فَقَاتِلُوا أَوْلِيَاءَ الشَّيْطَانِ ۖ,51,4408,2^3·19·29,+1,1003627,1003627,+1,
4,184,corps,V76.3,إِنَّ كَيْدَ الشَّيْطَانِ كَانَ ضَعِيفًا,20,1518,2·3·11·23,0,1003627,1003627,+1,
4,185,corps,V77.1,أَلَمْ تَرَ إِلَى الَّذِينَ قِيلَ لَهُمْ كُفُّوا أَيْدِيَكُمْ وَأَقِيمُوا الصَّلَاةَ وَآتُوا الزَّكَاةَ فَلَمَّا كُتِبَ عَلَيْهِمُ الْقِتَالُ إِذَا فَرِيقٌ مِّنْهُمْ يَخْشَوْنَ النَّاسَ كَخَشْيَةِ اللَّهِ أَوْ أَشَدَّ خَشْيَةً ۚ,110,8562,2·3·1427,0,1003627,1003627,+1,
4,186,corps,V77.2,وَقَالُوا رَبَّنَا لِمَ كَتَبْتَ عَلَيْنَا الْقِتَالَ لَوْلَا أَخَّرْتَنَا إِلَىٰ أَجَلٍ قَرِيبٍ ۗ,47,3718,2·11·13^2,+1,1003627,1003627,+1,
4,187,corps,V77.3,قُلْ مَتَاعُ الدُّنْيَا قَلِيلٌ وَالْآخِرَةُ خَيْرٌ لِّمَنِ اتَّقَىٰ وَلَا تُظْلَمُونَ فَتِيلًا,47,5175,3^2·5^2·23,0,1003627,1003627,+1,
4,188,corps,V78.1,أَيْنَمَا تَكُونُوا يُدْرِككُّمُ الْمَوْتُ وَلَوْ كُنتُمْ فِي بُرُوجٍ مُّشَيَّدَةٍ ۗ,40,2568,2^3·3·107,0,1003627,1003627,+1,
4,189,corps,V78.2,وَإِن تُصِبْهُمْ حَسَنَةٌ يَقُولُوا هَـٰذِهِ مِنْ عِندِ اللَّهِ ۖ,30,1860,2^2·3·5·31,0,1003627,1003627,+1,
4,190,corps,V78.3,وَإِن تُصِبْهُمْ سَيِّئَةٌ يَقُولُوا هَـٰذِهِ مِنْ عِندِكَ ۚ,27,1776,2^4·3·37,0,1003627,1003627,+1,
4,191,clausule (récurrente),V78.4,قُلْ كُلٌّ مِّنْ عِندِ اللَّهِ ۖ,13,460,2^2·5·23,+1,114583,7·16369,+1,
4,192,clausule (récurrente),V78.5,فَمَالِ هَـٰؤُلَاءِ الْقَوْمِ لَا يَكَادُونَ يَفْقَهُونَ حَدِيثًا,33,1267,7·181,+1,114583,7·16369,+1,
4,193,corps,V79.1,مَّا أَصَابَكَ مِنْ حَسَنَةٍ فَمِنَ اللَّهِ ۖ,20,604,2^2·151,+1,1003627,1003627,+1,
4,194,corps,V79.2,وَمَا أَصَابَكَ مِن سَيِّئَةٍ فَمِن نَّفْسِكَ ۚ,21,716,2^2·179,-1,1003627,1003627,+1,
4,195,corps,V79.3,وَأَرْسَلْنَاكَ لِلنَّاسِ رَسُولًا ۚ,18,836,2^2·11·19,-1,1003627,1003627,+1,
4,196,clausule (récurrente),V79.4,وَكَفَىٰ بِاللَّهِ شَهِيدًا,14,504,2^3·3^2·7,0,114583,7·16369,+1,
4,197,corps,V80.1,مَّن يُطِعِ الرَّسُولَ فَقَدْ أَطَاعَ اللَّهَ ۖ,22,837,3^3·31,0,1003627,1003627,+1,
4,198,corps,V80.2,وَمَن تَوَلَّىٰ فَمَا أَرْسَلْنَاكَ عَلَيْهِمْ حَفِيظًا,27,2179,2179,+1,1003627,1003627,+1,
4,199,corps,V81.1,وَيَقُولُونَ طَاعَةٌ فَإِذَا بَرَزُوا مِنْ عِندِكَ بَيَّتَ طَائِفَةٌ مِّنْهُمْ غَيْرَ الَّذِي تَقُولُ ۖ,49,4664,2^3·11·53,-1,1003627,1003627,+1,
4,200,corps,V81.2,وَاللَّهُ يَكْتُبُ مَا يُبَيِّتُونَ ۖ,17,1023,3·11·31,0,1003627,1003627,+1,
4,201,corps,V81.3,فَأَعْرِضْ عَنْهُمْ وَتَوَكَّلْ عَلَى اللَّهِ ۚ,21,1954,2·977,+1,1003627,1003627,+1,
4,202,clausule (récurrente),V81.4,وَكَفَىٰ بِاللَّهِ وَكِيلًا,14,251,251,-1,114583,7·16369,+1,
4,203,corps,V82.1,أَفَلَا يَتَدَبَّرُونَ الْقُرْآنَ ۚ,17,1166,2·11·53,-1,1003627,1003627,+1,
4,204,corps,V82.2,وَلَوْ كَانَ مِنْ عِندِ غَيْرِ اللَّهِ لَوَجَدُوا فِيهِ اخْتِلَافًا كَثِيرًا,39,3592,2^3·449,+1,1003627,1003627,+1,
4,205,corps,V83.1,وَإِذَا جَاءَهُمْ أَمْرٌ مِّنَ الْأَمْنِ أَوِ الْخَوْفِ أَذَاعُوا بِهِ ۖ,34,2721,3·907,0,1003627,1003627,+1,
4,206,corps,V83.2,وَلَوْ رَدُّوهُ إِلَى الرَّسُولِ وَإِلَىٰ أُولِي الْأَمْرِ مِنْهُمْ لَعَلِمَهُ الَّذِينَ يَسْتَنبِطُونَهُ مِنْهُمْ ۗ,56,2819,2819,-1,1003627,1003627,+1,
4,207,corps,V83.3,وَلَوْلَا فَضْلُ اللَّهِ عَلَيْكُمْ وَرَحْمَتُهُ لَاتَّبَعْتُمُ الشَّيْطَانَ إِلَّا قَلِيلًا,45,3425,5^2·137,-1,1003627,1003627,+1,
4,208,corps,V84.1,فَقَاتِلْ فِي سَبِيلِ اللَّهِ لَا تُكَلَّفُ إِلَّا نَفْسَكَ ۚ,28,1672,2^3·11·19,+1,1003627,1003627,+1,
4,209,corps,V84.2,وَحَرِّضِ الْمُؤْمِنِينَ ۖ,12,1241,17·73,-1,1003627,1003627,+1,
4,210,corps,V84.3,عَسَى اللَّهُ أَن يَكُفَّ بَأْسَ الَّذِينَ كَفَرُوا ۚ,25,1528,2^3·191,+1,1003627,1003627,+1,
4,211,corps,V84.4,وَاللَّهُ أَشَدُّ بَأْسًا وَأَشَدُّ تَنكِيلًا,22,1263,3·421,0,1003627,1003627,+1,
4,212,corps,V85.1,مَّن يَشْفَعْ شَفَاعَةً حَسَنَةً يَكُن لَّهُ نَصِيبٌ مِّنْهَا ۖ,28,1492,2^2·373,+1,1003627,1003627,+1,
4,213,corps,V85.2,وَمَن يَشْفَعْ شَفَاعَةً سَيِّئَةً يَكُن لَّهُ كِفْلٌ مِّنْهَا ۗ,28,1438,2·719,+1,1003627,1003627,+1,
4,214,corps,V85.3,وَكَانَ اللَّهُ عَلَىٰ كُلِّ شَيْءٍ مُّقِيتًا,21,1165,5·233,+1,1003627,1003627,+1,
4,215,corps,V86.1,وَإِذَا حُيِّيتُم بِتَحِيَّةٍ فَحَيُّوا بِأَحْسَنَ مِنْهَا أَوْ رُدُّوهَا ۗ,35,2146,2·29·37,+1,1003627,1003627,+1,
4,216,corps,V86.2,إِنَّ اللَّهَ كَانَ عَلَىٰ كُلِّ شَيْءٍ حَسِيبًا,22,740,2^2·5·37,-1,1003627,1003627,+1,
4,217,corps,V87.1,اللَّهُ لَا إِلَـٰهَ إِلَّا هُوَ ۚ,14,176,2^4·11,-1,1003627,1003627,+1,
4,218,corps,V87.2,لَيَجْمَعَنَّكُمْ إِلَىٰ يَوْمِ الْقِيَامَةِ لَا رَيْبَ فِيهِ ۗ,29,885,3·5·59,0,1003627,1003627,+1,
4,219,corps,V87.3,وَمَنْ أَصْدَقُ مِنَ اللَّهِ حَدِيثًا,18,970,2·5·97,+1,1003627,1003627,+1,
4,220,corps,V88.1,فَمَا لَكُمْ فِي الْمُنَافِقِينَ فِئَتَيْنِ وَاللَّهُ أَرْكَسَهُم بِمَا كَسَبُوا ۚ,41,1743,3·7·83,0,1003627,1003627,+1,
4,221,corps,V88.2,أَتُرِيدُونَ أَن تَهْدُوا مَنْ أَضَلَّ اللَّهُ ۖ,23,2125,5^3·17,+1,1003627,1003627,+1,
4,222,clausule (récurrente),V88.3,وَمَن يُضْلِلِ اللَّهُ فَلَن تَجِدَ لَهُ سَبِيلًا,24,1737,3^2·193,0,114583,7·16369,+1,
4,223,corps,V89.1,وَدُّوا لَوْ تَكْفُرُونَ كَمَا كَفَرُوا فَتَكُونُونَ سَوَاءً ۖ,31,1857,3·619,0,1003627,1003627,+1,
4,224,corps,V89.2,فَلَا تَتَّخِذُوا مِنْهُمْ أَوْلِيَاءَ حَتَّىٰ يُهَاجِرُوا فِي سَبِيلِ اللَّهِ ۚ,39,3304,2^3·7·59,+1,1003627,1003627,+1,
4,225,corps,V89.3,فَإِن تَوَلَّوْا فَخُذُوهُمْ وَاقْتُلُوهُمْ حَيْثُ وَجَدتُّمُوهُمْ ۖ,33,3615,3·5·241,0,1003627,1003627,+1,
4,226,corps,V89.4,وَلَا تَتَّخِذُوا مِنْهُمْ وَلِيًّا وَلَا نَصِيرًا,25,2714,2·23·59,-1,1003627,1003627,+1,
4,227,corps,V90.1,إِلَّا الَّذِينَ يَصِلُونَ إِلَىٰ قَوْمٍ بَيْنَكُمْ وَبَيْنَهُم مِّيثَاقٌ أَوْ جَاءُوكُمْ حَصِرَتْ صُدُورُهُمْ أَن يُقَاتِلُوكُمْ أَوْ يُقَاتِلُوا قَوْمَهُمْ ۚ,77,4607,17·271,-1,1003627,1003627,+1,
4,228,corps,V90.2,وَلَوْ شَاءَ اللَّهُ لَسَلَّطَهُمْ عَلَيْكُمْ فَلَقَاتَلُوكُمْ ۚ,30,1461,3·487,0,1003627,1003627,+1,
4,229,corps,V90.3,فَإِنِ اعْتَزَلُوكُمْ فَلَمْ يُقَاتِلُوكُمْ وَأَلْقَوْا إِلَيْكُمُ السَّلَمَ فَمَا جَعَلَ اللَّهُ لَكُمْ عَلَيْهِمْ سَبِيلًا,61,2506,2·7·179,+1,1003627,1003627,+1,
4,230,corps,V91.1,سَتَجِدُونَ آخَرِينَ يُرِيدُونَ أَن يَأْمَنُوكُمْ وَيَأْمَنُوا قَوْمَهُمْ كُلَّ مَا رُدُّوا إِلَى الْفِتْنَةِ أُرْكِسُوا فِيهَا ۚ,65,3480,2^3·3·5·29,0,1003627,1003627,+1,
4,231,corps,V91.2,فَإِن لَّمْ يَعْتَزِلُوكُمْ وَيُلْقُوا إِلَيْكُمُ السَّلَمَ وَيَكُفُّوا أَيْدِيَهُمْ فَخُذُوهُمْ وَاقْتُلُوهُمْ حَيْثُ ثَقِفْتُمُوهُمْ ۚ,66,5100,2^2·3·5^2·17,0,1003627,1003627,+1,
4,232,clausule (récurrente),V91.3,وَأُولَـٰئِكُمْ جَعَلْنَا لَكُمْ عَلَيْهِمْ سُلْطَانًا مُّبِينًا,31,766,2·383,+1,114583,7·16369,+1,
4,233,corps,V92.1,وَمَا كَانَ لِمُؤْمِنٍ أَن يَقْتُلَ مُؤْمِنًا إِلَّا خَطَأً ۚ,28,1654,2·827,+1,1003627,1003627,+1,
4,234,corps,V92.2,وَمَن قَتَلَ مُؤْمِنًا خَطَأً فَتَحْرِيرُ رَقَبَةٍ مُّؤْمِنَةٍ وَدِيَةٌ مُّسَلَّمَةٌ إِلَىٰ أَهْلِهِ إِلَّا أَن يَصَّدَّقُوا ۚ,56,3295,5·659,+1,1003627,1003627,+1,
4,235,corps,V92.3,فَإِن كَانَ مِن قَوْمٍ عَدُوٍّ لَّكُمْ وَهُوَ مُؤْمِنٌ فَتَحْرِيرُ رَقَبَةٍ مُّؤْمِنَةٍ ۖ,39,2107,7^2·43,+1,1003627,1003627,+1,
4,236,corps,V92.4,وَإِن كَانَ مِن قَوْمٍ بَيْنَكُمْ وَبَيْنَهُم مِّيثَاقٌ فَدِيَةٌ مُّسَلَّمَةٌ إِلَىٰ أَهْلِهِ وَتَحْرِيرُ رَقَبَةٍ مُّؤْمِنَةٍ ۖ,58,2878,2·1439,+1,1003627,1003627,+1,
4,237,corps,V92.5,فَمَن لَّمْ يَجِدْ فَصِيَامُ شَهْرَيْنِ مُتَتَابِعَيْنِ تَوْبَةً مِّنَ اللَّهِ ۗ,36,2585,5·11·47,-1,1003627,1003627,+1,
4,238,clausule (récurrente),V92.6,وَكَانَ اللَّهُ عَلِيمًا حَكِيمًا,18,373,373,+1,114583,7·16369,+1,
4,239,corps,V93,وَمَن يَقْتُلْ مُؤْمِنًا مُّتَعَمِّدًا فَجَزَاؤُهُ جَهَنَّمُ خَالِدًا فِيهَا وَغَضِبَ اللَّهُ عَلَيْهِ وَلَعَنَهُ وَأَعَدَّ لَهُ عَذَابًا عَظِيمًا,70,6321,3·7^2·43,0,1003627,1003627,+1,
4,240,corps,V94.1,يَا أَيُّهَا الَّذِينَ آمَنُوا إِذَا ضَرَبْتُمْ فِي سَبِيلِ اللَّهِ فَتَبَيَّنُوا وَلَا تَقُولُوا لِمَنْ أَلْقَىٰ إِلَيْكُمُ السَّلَامَ لَسْتَ مُؤْمِنًا تَبْتَغُونَ عَرَضَ الْحَيَاةِ الدُّنْيَا فَعِندَ اللَّهِ مَغَانِمُ كَثِيرَةٌ ۚ,115,10814,2·5407,-1,1003627,1003627,+1,
4,241,corps,V94.2,كَذَٰلِكَ كُنتُم مِّن قَبْلُ فَمَنَّ اللَّهُ عَلَيْكُمْ فَتَبَيَّنُوا ۚ,32,2457,3^3·7·13,0,1003627,1003627,+1,
4,242,corps,V94.3,إِنَّ اللَّهَ كَانَ بِمَا تَعْمَلُونَ خَبِيرًا,23,1640,2^3·5·41,-1,1003627,1003627,+1,
4,243,corps,V95.1,لَّا يَسْتَوِي الْقَاعِدُونَ مِنَ الْمُؤْمِنِينَ غَيْرُ أُولِي الضَّرَرِ وَالْمُجَاهِدُونَ فِي سَبِيلِ اللَّهِ بِأَمْوَالِهِمْ وَأَنفُسِهِمْ ۚ,72,4355,5·13·67,-1,1003627,1003627,+1,
4,244,corps,V95.2,فَضَّلَ اللَّهُ الْمُجَاهِدِينَ بِأَمْوَالِهِمْ وَأَنفُسِهِمْ عَلَى الْقَاعِدِينَ دَرَجَةً ۚ,46,2075,5^2·83,-1,1003627,1003627,+1,
4,245,clausule (récurrente),V95.3,وَكُلًّا وَعَدَ اللَّهُ الْحُسْنَىٰ ۚ,17,362,2·181,-1,114583,7·16369,+1,
4,246,corps,V95.4,وَفَضَّلَ اللَّهُ الْمُجَاهِدِينَ عَلَى الْقَاعِدِينَ أَجْرًا عَظِيمًا,37,2728,2^3·11·31,+1,1003627,1003627,+1,
4,247,corps,V96.1,دَرَجَاتٍ مِّنْهُ وَمَغْفِرَةً وَرَحْمَةً ۚ,19,2293,2293,+1,1003627,1003627,+1,
4,248,clausule (récurrente),V96.2,وَكَانَ اللَّهُ غَفُورًا رَّحِيمًا,18,1689,3·563,0,114583,7·16369,+1,
4,249,corps,V97.1,إِنَّ الَّذِينَ تَوَفَّاهُمُ الْمَلَائِكَةُ ظَالِمِي أَنفُسِهِمْ قَالُوا فِيمَ كُنتُمْ ۖ,44,3506,2·1753,-1,1003627,1003627,+1,
4,250,corps,V97.2,قَالُوا كُنَّا مُسْتَضْعَفِينَ فِي الْأَرْضِ ۚ,23,2841,3·947,0,1003627,1003627,+1,
4,251,clausule (récurrente),V97.3,قَالُوا أَلَمْ تَكُنْ أَرْضُ اللَّهِ وَاسِعَةً فَتُهَاجِرُوا فِيهَا ۚ,35,2680,2^3·5·67,+1,114583,7·16369,+1,
4,252,clausule (récurrente),V97.4,فَأُولَـٰئِكَ مَأْوَاهُمْ جَهَنَّمُ ۖ,16,338,2·13^2,-1,114583,7·16369,+1,
4,253,clausule (récurrente),V97.5,وَسَاءَتْ مَصِيرًا,10,809,809,-1,114583,7·16369,+1,
4,254,corps,V98,إِلَّا الْمُسْتَضْعَفِينَ مِنَ الرِّجَالِ وَالنِّسَاءِ وَالْوِلْدَانِ لَا يَسْتَطِيعُونَ حِيلَةً وَلَا يَهْتَدُونَ سَبِيلًا,64,3519,3^2·17·23,0,1003627,1003627,+1,
4,255,corps,V99.1,فَأُولَـٰئِكَ عَسَى اللَّهُ أَن يَعْفُوَ عَنْهُمْ ۚ,23,735,3·5·7^2,0,1003627,1003627,+1,
4,256,corps,V99.2,وَكَانَ اللَّهُ عَفُوًّا غَفُورًا,17,1587,3·23^2,0,1003627,1003627,+1,
4,257,corps,V100.1,وَمَن يُهَاجِرْ فِي سَبِيلِ اللَّهِ يَجِدْ فِي الْأَرْضِ مُرَاغَمًا كَثِيرًا وَسَعَةً ۚ,43,3866,2·1933,-1,1003627,1003627,+1,
4,258,corps,V100.2,وَمَن يَخْرُجْ مِن بَيْتِهِ مُهَاجِرًا إِلَى اللَّهِ وَرَسُولِهِ ثُمَّ يُدْرِكْهُ الْمَوْتُ فَقَدْ وَقَعَ أَجْرُهُ عَلَى اللَّهِ ۗ,61,4081,7·11·53,+1,1003627,1003627,+1,
4,259,clausule (récurrente),V100.3,وَكَانَ اللَّهُ غَفُورًا رَّحِيمًا,18,1689,3·563,0,114583,7·16369,+1,
4,260,corps,V101.1,وَإِذَا ضَرَبْتُمْ فِي الْأَرْضِ فَلَيْسَ عَلَيْكُمْ جُنَاحٌ أَن تَقْصُرُوا مِنَ الصَّلَاةِ إِنْ خِفْتُمْ أَن يَفْتِنَكُمُ الَّذِينَ كَفَرُوا ۚ,69,7699,7699,+1,1003627,1003627,+1,
4,261,corps,V101.2,إِنَّ الْكَافِرِينَ كَانُوا لَكُمْ عَدُوًّا مُّبِينًا,27,795,3·5·53,0,1003627,1003627,+1,
4,262,corps,V102.1,وَإِذَا كُنتَ فِيهِمْ فَأَقَمْتَ لَهُمُ الصَّلَاةَ فَلْتَقُمْ طَائِفَةٌ مِّنْهُم مَّعَكَ وَلْيَأْخُذُوا أَسْلِحَتَهُمْ فَإِذَا سَجَدُوا فَلْيَكُونُوا مِن وَرَائِكُمْ وَلْتَأْتِ طَائِفَةٌ أُخْرَىٰ لَمْ يُصَلُّوا فَلْيُصَلُّوا مَعَكَ وَلْيَأْخُذُوا حِذْرَهُمْ وَأَسْلِحَتَهُمْ ۗ,134,11704,2^3·7·11·19,+1,1003627,1003627,+1,
4,263,corps,V102.2,وَدَّ الَّذِينَ كَفَرُوا لَوْ تَغْفُلُونَ عَنْ أَسْلِحَتِكُمْ وَأَمْتِعَتِكُمْ فَيَمِيلُونَ عَلَيْكُم مَّيْلَةً وَاحِدَةً ۚ,58,4871,4871,-1,1003627,1003627,+1,
4,264,corps,V102.3,وَلَا جُنَاحَ عَلَيْكُمْ إِن كَانَ بِكُمْ أَذًى مِّن مَّطَرٍ أَوْ كُنتُم مَّرْضَىٰ أَن تَضَعُوا أَسْلِحَتَكُمْ ۖ,52,4957,4957,+1,1003627,1003627,+1,
4,265,corps,V102.4,وَخُذُوا حِذْرَكُمْ ۗ,10,2281,2281,+1,1003627,1003627,+1,
4,266,corps,V102.5,إِنَّ اللَّهَ أَعَدَّ لِلْكَافِرِينَ عَذَابًا مُّهِينًا,27,1493,1493,-1,1003627,1003627,+1,
4,267,corps,V103.1,فَإِذَا قَضَيْتُمُ الصَّلَاةَ فَاذْكُرُوا اللَّهَ قِيَامًا وَقُعُودًا وَعَلَىٰ جُنُوبِكُمْ ۚ,47,3939,3·13·101,0,1003627,1003627,+1,
4,268,corps,V103.2,فَإِذَا اطْمَأْنَنتُمْ فَأَقِيمُوا الصَّلَاةَ ۚ,25,1768,2^3·13·17,+1,1003627,1003627,+1,
4,269,corps,V103.3,إِنَّ الصَّلَاةَ كَانَتْ عَلَى الْمُؤْمِنِينَ كِتَابًا مَّوْقُوتًا,34,1993,1993,+1,1003627,1003627,+1,
4,270,corps,V104.1,وَلَا تَهِنُوا فِي ابْتِغَاءِ الْقَوْمِ ۖ,21,2171,13·167,-1,1003627,1003627,+1,
4,271,corps,V104.2,إِن تَكُونُوا تَأْلَمُونَ فَإِنَّهُمْ يَأْلَمُونَ كَمَا تَأْلَمُونَ ۖ,34,1962,2·3^2·109,0,1003627,1003627,+1,
4,272,corps,V104.3,وَتَرْجُونَ مِنَ اللَّهِ مَا لَا يَرْجُونَ ۗ,21,1162,2·7·83,+1,1003627,1003627,+1,
4,273,clausule (récurrente),V104.4,وَكَانَ اللَّهُ عَلِيمًا حَكِيمًا,18,373,373,+1,114583,7·16369,+1,
4,274,corps,V105.1,إِنَّا أَنزَلْنَا إِلَيْكَ الْكِتَابَ بِالْحَقِّ لِتَحْكُمَ بَيْنَ النَّاسِ بِمَا أَرَاكَ اللَّهُ ۚ,48,1880,2^3·5·47,-1,1003627,1003627,+1,
4,275,corps,V105.2,وَلَا تَكُن لِّلْخَائِنِينَ خَصِيمًا,19,2029,2029,+1,1003627,1003627,+1,
4,276,corps,V106.1,وَاسْتَغْفِرِ اللَّهَ ۖ,11,1813,7^2·37,+1,1003627,1003627,+1,
4,277,clausule (récurrente),V106.2,إِنَّ اللَّهَ كَانَ غَفُورًا رَّحِيمًا,19,1734,2·3·17^2,0,114583,7·16369,+1,
4,278,corps,V107.1,وَلَا تُجَادِلْ عَنِ الَّذِينَ يَخْتَانُونَ أَنفُسَهُمْ ۚ,28,2739,3·11·83,0,1003627,1003627,+1,
4,279,corps,V107.2,إِنَّ اللَّهَ لَا يُحِبُّ مَن كَانَ خَوَّانًا أَثِيمًا,26,1539,3^4·19,0,1003627,1003627,+1,
4,280,corps,V108.1,يَسْتَخْفُونَ مِنَ النَّاسِ وَلَا يَسْتَخْفُونَ مِنَ اللَّهِ وَهُوَ مَعَهُمْ إِذْ يُبَيِّتُونَ مَا لَا يَرْضَىٰ مِنَ الْقَوْلِ ۚ,60,5537,7^2·113,-1,1003627,1003627,+1,
4,281,clausule (récurrente),V108.2,وَكَانَ اللَّهُ بِمَا يَعْمَلُونَ مُحِيطًا,22,460,2^2·5·23,+1,114583,7·16369,+1,
4,282,corps,V109,هَا أَنتُمْ هَـٰؤُلَاءِ جَادَلْتُمْ عَنْهُمْ فِي الْحَيَاةِ الدُّنْيَا فَمَن يُجَادِلُ اللَّهَ عَنْهُمْ يَوْمَ الْقِيَامَةِ أَم مَّن يَكُونُ عَلَيْهِمْ وَكِيلًا,79,2555,5·7·73,-1,1003627,1003627,+1,
4,283,corps,V110,وَمَن يَعْمَلْ سُوءًا أَوْ يَظْلِمْ نَفْسَهُ ثُمَّ يَسْتَغْفِرِ اللَّهَ يَجِدِ اللَّهَ غَفُورًا رَّحِيمًا,50,5481,3^3·7·29,0,1003627,1003627,+1,
4,284,corps,V111.1,وَمَن يَكْسِبْ إِثْمًا فَإِنَّمَا يَكْسِبُهُ عَلَىٰ نَفْسِهِ ۚ,28,1304,2^3·163,-1,1003627,1003627,+1,
4,285,clausule (récurrente),V111.2,وَكَانَ اللَّهُ عَلِيمًا حَكِيمًا,18,373,373,+1,114583,7·16369,+1,
4,286,corps,V112,وَمَن يَكْسِبْ خَطِيئَةً أَوْ إِثْمًا ثُمَّ يَرْمِ بِهِ بَرِيئًا فَقَدِ احْتَمَلَ بُهْتَانًا وَإِثْمًا مُّبِينًا,54,4164,2^2·3·347,0,1003627,1003627,+1,
4,287,corps,V113.1,وَلَوْلَا فَضْلُ اللَّهِ عَلَيْكَ وَرَحْمَتُهُ لَهَمَّت طَّائِفَةٌ مِّنْهُمْ أَن يُضِلُّوكَ وَمَا يُضِلُّونَ إِلَّا أَنفُسَهُمْ ۖ,59,4681,31·151,+1,1003627,1003627,+1,
4,288,corps,V113.2,وَمَا يَضُرُّونَكَ مِن شَيْءٍ ۚ,14,1534,2·13·59,+1,1003627,1003627,+1,
4,289,clausule (récurrente),V113.3,وَأَنزَلَ اللَّهُ عَلَيْكَ الْكِتَابَ وَالْحِكْمَةَ وَعَلَّمَكَ مَا لَمْ تَكُن تَعْلَمُ ۚ,42,2141,2141,-1,114583,7·16369,+1,
4,290,corps,V113.4,وَكَانَ فَضْلُ اللَّهِ عَلَيْكَ عَظِيمًا,20,2204,2^2·19·29,-1,1003627,1003627,+1,
4,291,corps,V114.1,لَّا خَيْرَ فِي كَثِيرٍ مِّن نَّجْوَاهُمْ إِلَّا مَنْ أَمَرَ بِصَدَقَةٍ أَوْ مَعْرُوفٍ أَوْ إِصْلَاحٍ بَيْنَ النَّاسِ ۚ,54,3164,2^2·7·113,-1,1003627,1003627,+1,
4,292,corps,V114.2,وَمَن يَفْعَلْ ذَٰلِكَ ابْتِغَاءَ مَرْضَاتِ اللَّهِ فَسَوْفَ نُؤْتِيهِ أَجْرًا عَظِيمًا,43,5871,3·19·103,0,1003627,1003627,+1,
4,293,corps,V115.1,وَمَن يُشَاقِقِ الرَّسُولَ مِن بَعْدِ مَا تَبَيَّنَ لَهُ الْهُدَىٰ وَيَتَّبِعْ غَيْرَ سَبِيلِ الْمُؤْمِنِينَ نُوَلِّهِ مَا تَوَلَّىٰ وَنُصْلِهِ جَهَنَّمَ ۖ,71,4572,2^2·3^2·127,0,1003627,1003627,+1,
4,294,clausule (récurrente),V115.2,وَسَاءَتْ مَصِيرًا,10,809,809,-1,114583,7·16369,+1,
4,295,clausule (récurrente),V116.1,إِنَّ اللَّهَ لَا يَغْفِرُ أَن يُشْرَكَ بِهِ وَيَغْفِرُ مَا دُونَ ذَٰلِكَ لِمَن يَشَاءُ ۚ,40,4605,3·5·307,0,114583,7·16369,+1,
4,296,corps,V116.2,وَمَن يُشْرِكْ بِاللَّهِ فَقَدْ ضَلَّ ضَلَالًا بَعِيدًا,27,2657,2657,-1,1003627,1003627,+1,
4,297,corps,V117,إِن يَدْعُونَ مِن دُونِهِ إِلَّا إِنَاثًا وَإِن يَدْعُونَ إِلَّا شَيْطَانًا مَّرِيدًا,43,1786,2·19·47,+1,1003627,1003627,+1,
4,298,corps,V118.1,لَّعَنَهُ اللَّهُ ۘ,8,221,13·17,-1,1003627,1003627,+1,
4,299,corps,V118.2,وَقَالَ لَأَتَّخِذَنَّ مِنْ عِبَادِكَ نَصِيبًا مَّفْرُوضًا,28,3385,5·677,+1,1003627,1003627,+1,
4,300,corps,V119.1,وَلَأُضِلَّنَّهُمْ وَلَأُمَنِّيَنَّهُمْ وَلَآمُرَنَّهُمْ فَلَيُبَتِّكُنَّ آذَانَ الْأَنْعَامِ وَلَآمُرَنَّهُمْ فَلَيُغَيِّرُنَّ خَلْقَ اللَّهِ ۚ,65,5651,5651,-1,1003627,1003627,+1,
4,301,corps,V119.2,وَمَن يَتَّخِذِ الشَّيْطَانَ وَلِيًّا مِّن دُونِ اللَّهِ فَقَدْ خَسِرَ خُسْرَانًا مُّبِينًا,44,4529,7·647,-1,1003627,1003627,+1,
4,302,corps,V120.1,يَعِدُهُمْ وَيُمَنِّيهِمْ ۖ,12,290,2·5·29,-1,1003627,1003627,+1,
4,303,corps,V120.2,وَمَا يَعِدُهُمُ الشَّيْطَانُ إِلَّا غُرُورًا,23,2016,2^5·3^2·7,0,1003627,1003627,+1,
4,304,corps,V121,أُولَـٰئِكَ مَأْوَاهُمْ جَهَنَّمُ وَلَا يَجِدُونَ عَنْهَا مَحِيصًا,32,643,643,+1,1003627,1003627,+1,
4,305,clausule (récurrente),V122.1,وَالَّذِينَ آمَنُوا وَعَمِلُوا الصَّالِحَاتِ سَنُدْخِلُهُمْ جَنَّاتٍ تَجْرِي مِن تَحْتِهَا الْأَنْهَارُ خَالِدِينَ فِيهَا أَبَدًا ۖ,68,5456,2^4·11·31,-1,114583,7·16369,+1,
4,306,corps,V122.2,وَعْدَ اللَّهِ حَقًّا ۚ,10,255,3·5·17,0,1003627,1003627,+1,
4,307,corps,V122.3,وَمَنْ أَصْدَقُ مِنَ اللَّهِ قِيلًا,17,588,2^2·3·7^2,0,1003627,1003627,+1,
4,308,corps,V123.1,لَّيْسَ بِأَمَانِيِّكُمْ وَلَا أَمَانِيِّ أَهْلِ الْكِتَابِ ۗ,28,893,19·47,-1,1003627,1003627,+1,
4,309,corps,V123.2,مَن يَعْمَلْ سُوءًا يُجْزَ بِهِ وَلَا يَجِدْ لَهُ مِن دُونِ اللَّهِ وَلِيًّا وَلَا نَصِيرًا,44,1075,5^2·43,+1,1003627,1003627,+1,
4,310,corps,V124,وَمَن يَعْمَلْ مِنَ الصَّالِحَاتِ مِن ذَكَرٍ أَوْ أُنثَىٰ وَهُوَ مُؤْمِنٌ فَأُولَـٰئِكَ يَدْخُلُونَ الْجَنَّةَ وَلَا يُظْلَمُونَ نَقِيرًا,66,4998,2·3·7^2·17,0,1003627,1003627,+1,
4,311,corps,V125.1,وَمَنْ أَحْسَنُ دِينًا مِّمَّنْ أَسْلَمَ وَجْهَهُ لِلَّهِ وَهُوَ مُحْسِنٌ وَاتَّبَعَ مِلَّةَ إِبْرَاهِيمَ حَنِيفًا ۗ,52,1762,2·881,+1,1003627,1003627,+1,
4,312,corps,V125.2,وَاتَّخَذَ اللَّهُ إِبْرَاهِيمَ خَلِيلًا,21,2703,3·17·53,0,1003627,1003627,+1,
4,313,clausule (récurrente),V126.1,وَلِلَّهِ مَا فِي السَّمَاوَاتِ وَمَا فِي الْأَرْضِ ۚ,26,1910,2·5·191,-1,114583,7·16369,+1,
4,314,corps,V126.2,وَكَانَ اللَّهُ بِكُلِّ شَيْءٍ مُّحِيطًا,19,574,2·7·41,+1,1003627,1003627,+1,
4,315,corps,V127.1,وَيَسْتَفْتُونَكَ فِي النِّسَاءِ ۖ,17,1265,5·11·23,-1,1003627,1003627,+1,
4,316,corps,V127.2,قُلِ اللَّهُ يُفْتِيكُمْ فِيهِنَّ وَمَا يُتْلَىٰ عَلَيْكُمْ فِي الْكِتَابِ فِي يَتَامَى النِّسَاءِ اللَّاتِي لَا تُؤْتُونَهُنَّ مَا كُتِبَ لَهُنَّ وَتَرْغَبُونَ أَن تَنكِحُوهُنَّ وَالْمُسْتَضْعَفِينَ مِنَ الْوِلْدَانِ وَأَن تَقُومُوا لِلْيَتَامَىٰ بِالْقِسْطِ ۚ,130,10120,2^3·5·11·23,+1,1003627,1003627,+1,
4,317,corps,V127.3,وَمَا تَفْعَلُوا مِنْ خَيْرٍ فَإِنَّ اللَّهَ كَانَ بِهِ عَلِيمًا,31,1960,2^3·5·7^2,+1,1003627,1003627,+1,
4,318,corps,V128.1,وَإِنِ امْرَأَةٌ خَافَتْ مِن بَعْلِهَا نُشُوزًا أَوْ إِعْرَاضًا فَلَا جُنَاحَ عَلَيْهِمَا أَن يُصْلِحَا بَيْنَهُمَا صُلْحًا ۚ,62,3783,3·13·97,0,1003627,1003627,+1,
4,319,corps,V128.2,وَالصُّلْحُ خَيْرٌ ۗ,9,975,3·5^2·13,0,1003627,1003627,+1,
4,320,corps,V128.3,وَأُحْضِرَتِ الْأَنفُسُ الشُّحَّ ۚ,16,1976,2^3·13·19,-1,1003627,1003627,+1,
4,321,corps,V128.4,وَإِن تُحْسِنُوا وَتَتَّقُوا فَإِنَّ اللَّهَ كَانَ بِمَا تَعْمَلُونَ خَبِيرًا,39,3215,5·643,-1,1003627,1003627,+1,
4,322,corps,V129.1,وَلَن تَسْتَطِيعُوا أَن تَعْدِلُوا بَيْنَ النِّسَاءِ وَلَوْ حَرَصْتُمْ ۖ,36,2589,3·863,0,1003627,1003627,+1,
4,323,corps,V129.2,فَلَا تَمِيلُوا كُلَّ الْمَيْلِ فَتَذَرُوهَا كَالْمُعَلَّقَةِ ۚ,31,2447,2447,-1,1003627,1003627,+1,
4,324,corps,V129.3,وَإِن تُصْلِحُوا وَتَتَّقُوا فَإِنَّ اللَّهَ كَانَ غَفُورًا رَّحِيمًا,35,3319,3319,+1,1003627,1003627,+1,
4,325,corps,V130.1,وَإِن يَتَفَرَّقَا يُغْنِ اللَّهُ كُلًّا مِّن سَعَتِهِ ۚ,25,2650,2·5^2·53,+1,1003627,1003627,+1,
4,326,corps,V130.2,وَكَانَ اللَّهُ وَاسِعًا حَكِيمًا,18,360,2^3·3^2·5,0,1003627,1003627,+1,
4,327,clausule (récurrente),V131.1,وَلِلَّهِ مَا فِي السَّمَاوَاتِ وَمَا فِي الْأَرْضِ ۗ,26,1910,2·5·191,-1,114583,7·16369,+1,
4,328,corps,V131.2,وَلَقَدْ وَصَّيْنَا الَّذِينَ أُوتُوا الْكِتَابَ مِن قَبْلِكُمْ وَإِيَّاكُمْ أَنِ اتَّقُوا اللَّهَ ۚ,49,2941,17·173,+1,1003627,1003627,+1,
4,329,corps,V131.3,وَإِن تَكْفُرُوا فَإِنَّ لِلَّهِ مَا فِي السَّمَاوَاتِ وَمَا فِي الْأَرْضِ ۚ,37,2799,3^2·311,0,1003627,1003627,+1,
4,330,clausule (récurrente),V131.4,وَكَانَ اللَّهُ غَنِيًّا حَمِيدًا,17,1267,7·181,+1,114583,7·16369,+1,
4,331,clausule (récurrente),V132.1,وَلِلَّهِ مَا فِي السَّمَاوَاتِ وَمَا فِي الْأَرْضِ ۚ,26,1910,2·5·191,-1,114583,7·16369,+1,
4,332,clausule (récurrente),V132.2,وَكَفَىٰ بِاللَّهِ وَكِيلًا,14,251,251,-1,114583,7·16369,+1,
4,333,corps,V133.1,إِن يَشَأْ يُذْهِبْكُمْ أَيُّهَا النَّاسُ وَيَأْتِ بِآخَرِينَ ۚ,30,2578,2·1289,+1,1003627,1003627,+1,
4,334,corps,V133.2,وَكَانَ اللَّهُ عَلَىٰ ذَٰلِكَ قَدِيرًا,19,1318,2·659,+1,1003627,1003627,+1,
4,335,corps,V134.1,مَّن كَانَ يُرِيدُ ثَوَابَ الدُّنْيَا فَعِندَ اللَّهِ ثَوَابُ الدُّنْيَا وَالْآخِرَةِ ۚ,44,2708,2^2·677,-1,1003627,1003627,+1,
4,336,corps,V134.2,وَكَانَ اللَّهُ سَمِيعًا بَصِيرًا,18,627,3·11·19,0,1003627,1003627,+1,
4,337,corps,V135.1,يَا أَيُّهَا الَّذِينَ آمَنُوا كُونُوا قَوَّامِينَ بِالْقِسْطِ شُهَدَاءَ لِلَّهِ وَلَوْ عَلَىٰ أَنفُسِكُمْ أَوِ الْوَالِدَيْنِ وَالْأَقْرَبِينَ ۚ,72,2727,3^3·101,0,1003627,1003627,+1,
4,338,corps,V135.2,إِن يَكُنْ غَنِيًّا أَوْ فَقِيرًا فَاللَّهُ أَوْلَىٰ بِهِمَا ۖ,29,1831,1831,+1,1003627,1003627,+1,
4,339,corps,V135.3,فَلَا تَتَّبِعُوا الْهَوَىٰ أَن تَعْدِلُوا ۚ,22,1604,2^2·401,-1,1003627,1003627,+1,
4,340,corps,V135.4,وَإِن تَلْوُوا أَوْ تُعْرِضُوا فَإِنَّ اللَّهَ كَانَ بِمَا تَعْمَلُونَ خَبِيرًا,40,3704,2^3·463,-1,1003627,1003627,+1,
4,341,corps,V136.1,يَا أَيُّهَا الَّذِينَ آمَنُوا آمِنُوا بِاللَّهِ وَرَسُولِهِ وَالْكِتَابِ الَّذِي نَزَّلَ عَلَىٰ رَسُولِهِ وَالْكِتَابِ الَّذِي أَنزَلَ مِن قَبْلُ ۚ,74,4600,2^3·5^2·23,+1,1003627,1003627,+1,
4,342,corps,V136.2,وَمَن يَكْفُرْ بِاللَّهِ وَمَلَائِكَتِهِ وَكُتُبِهِ وَرُسُلِهِ وَالْيَوْمِ الْآخِرِ فَقَدْ ضَلَّ ضَلَالًا بَعِيدًا,56,4608,2^9·3^2,0,1003627,1003627,+1,
4,343,corps,V137,إِنَّ الَّذِينَ آمَنُوا ثُمَّ كَفَرُوا ثُمَّ آمَنُوا ثُمَّ كَفَرُوا ثُمَّ ازْدَادُوا كُفْرًا لَّمْ يَكُنِ اللَّهُ لِيَغْفِرَ لَهُمْ وَلَا لِيَهْدِيَهُمْ سَبِيلًا,78,5992,2^3·7·107,+1,1003627,1003627,+1,
4,344,corps,V138,بَشِّرِ الْمُنَافِقِينَ بِأَنَّ لَهُمْ عَذَابًا أَلِيمًا,28,1848,2^3·3·7·11,0,1003627,1003627,+1,
4,345,clausule (récurrente),V139.1,الَّذِينَ يَتَّخِذُونَ الْكَافِرِينَ أَوْلِيَاءَ مِن دُونِ الْمُؤْمِنِينَ ۚ,38,3375,3^3·5^3,0,114583,7·16369,+1,
4,346,corps,V139.2,أَيَبْتَغُونَ عِندَهُمُ الْعِزَّةَ فَإِنَّ الْعِزَّةَ لِلَّهِ جَمِيعًا,33,2184,2^3·3·7·13,0,1003627,1003627,+1,
4,347,corps,V140.1,وَقَدْ نَزَّلَ عَلَيْكُمْ فِي الْكِتَابِ أَنْ إِذَا سَمِعْتُمْ آيَاتِ اللَّهِ يُكْفَرُ بِهَا وَيُسْتَهْزَأُ بِهَا فَلَا تَقْعُدُوا مَعَهُمْ حَتَّىٰ يَخُوضُوا فِي حَدِيثٍ غَيْرِهِ ۚ,86,8082,2·3^2·449,0,1003627,1003627,+1,
4,348,corps,V140.2,إِنَّكُمْ إِذًا مِّثْلُهُمْ ۗ,12,1428,2^2·3·7·17,0,1003627,1003627,+1,
4,349,corps,V140.3,إِنَّ اللَّهَ جَامِعُ الْمُنَافِقِينَ وَالْكَافِرِينَ فِي جَهَنَّمَ جَمِيعًا,39,1303,1303,+1,1003627,1003627,+1,
4,350,corps,V141.1,الَّذِينَ يَتَرَبَّصُونَ بِكُمْ فَإِن كَانَ لَكُمْ فَتْحٌ مِّنَ اللَّهِ قَالُوا أَلَمْ نَكُن مَّعَكُمْ وَإِن كَانَ لِلْكَافِرِينَ نَصِيبٌ قَالُوا أَلَمْ نَسْتَحْوِذْ عَلَيْكُمْ وَنَمْنَعْكُم مِّنَ الْمُؤْمِنِينَ ۚ,102,5943,3·7·283,0,1003627,1003627,+1,
4,351,corps,V141.2,فَاللَّهُ يَحْكُمُ بَيْنَكُمْ يَوْمَ الْقِيَامَةِ ۗ,24,589,19·31,+1,1003627,1003627,+1,
4,352,corps,V141.3,وَلَن يَجْعَلَ اللَّهُ لِلْكَافِرِينَ عَلَى الْمُؤْمِنِينَ سَبِيلًا,35,1126,2·563,+1,1003627,1003627,+1,
4,353,clausule (récurrente),V142,إِنَّ الْمُنَافِقِينَ يُخَادِعُونَ اللَّهَ وَهُوَ خَادِعُهُمْ وَإِذَا قَامُوا إِلَى الصَّلَاةِ قَامُوا كُسَالَىٰ يُرَاءُونَ النَّاسَ وَلَا يَذْكُرُونَ اللَّهَ إِلَّا قَلِيلًا,91,4982,2·47·53,-1,114583,7·16369,+1,
4,354,corps,V143.1,مُّذَبْذَبِينَ بَيْنَ ذَٰلِكَ لَا إِلَىٰ هَـٰؤُلَاءِ وَلَا إِلَىٰ هَـٰؤُلَاءِ ۚ,34,2552,2^3·11·29,-1,1003627,1003627,+1,
4,355,clausule (récurrente),V143.2,وَمَن يُضْلِلِ اللَّهُ فَلَن تَجِدَ لَهُ سَبِيلًا,24,1737,3^2·193,0,114583,7·16369,+1,
4,356,corps,V144.1,يَا أَيُّهَا الَّذِينَ آمَنُوا لَا تَتَّخِذُوا الْكَافِرِينَ أَوْلِيَاءَ مِن دُونِ الْمُؤْمِنِينَ ۚ,51,3873,3·1291,0,1003627,1003627,+1,
4,357,corps,V144.2,أَتُرِيدُونَ أَن تَجْعَلُوا لِلَّهِ عَلَيْكُمْ سُلْطَانًا مُّبِينًا,34,1721,1721,-1,1003627,1003627,+1,
4,358,corps,V145,إِنَّ الْمُنَافِقِينَ فِي الدَّرْكِ الْأَسْفَلِ مِنَ النَّارِ وَلَن تَجِدَ لَهُمْ نَصِيرًا,45,2251,2251,+1,1003627,1003627,+1,
4,359,corps,V146.1,إِلَّا الَّذِينَ تَابُوا وَأَصْلَحُوا وَاعْتَصَمُوا بِاللَّهِ وَأَخْلَصُوا دِينَهُمْ لِلَّهِ فَأُولَـٰئِكَ مَعَ الْمُؤْمِنِينَ ۖ,64,3449,3449,-1,1003627,1003627,+1,
4,360,corps,V146.2,وَسَوْفَ يُؤْتِ اللَّهُ الْمُؤْمِنِينَ أَجْرًا عَظِيمًا,28,2087,2087,-1,1003627,1003627,+1,
4,361,clausule (récurrente),V147.1,مَّا يَفْعَلُ اللَّهُ بِعَذَابِكُمْ إِن شَكَرْتُمْ وَآمَنتُمْ ۚ,30,2680,2^3·5·67,+1,114583,7·16369,+1,
4,362,corps,V147.2,وَكَانَ اللَّهُ شَاكِرًا عَلِيمًا,18,816,2^4·3·17,0,1003627,1003627,+1,
4,363,corps,V148.1,لَّا يُحِبُّ اللَّهُ الْجَهْرَ بِالسُّوءِ مِنَ الْقَوْلِ إِلَّا مَن ظُلِمَ ۚ,35,1805,5·19^2,-1,1003627,1003627,+1,
4,364,corps,V148.2,وَكَانَ اللَّهُ سَمِيعًا عَلِيمًا,18,475,5^2·19,+1,1003627,1003627,+1,
4,365,corps,V149,إِن تُبْدُوا خَيْرًا أَوْ تُخْفُوهُ أَوْ تَعْفُوا عَن سُوءٍ فَإِنَّ اللَّهَ كَانَ عَفُوًّا قَدِيرًا,49,3864,2^3·3·7·23,0,1003627,1003627,+1,
4,366,corps,V150,إِنَّ الَّذِينَ يَكْفُرُونَ بِاللَّهِ وَرُسُلِهِ وَيُرِيدُونَ أَن يُفَرِّقُوا بَيْنَ اللَّهِ وَرُسُلِهِ وَيَقُولُونَ نُؤْمِنُ بِبَعْضٍ وَنَكْفُرُ بِبَعْضٍ وَيُرِيدُونَ أَن يَتَّخِذُوا بَيْنَ ذَٰلِكَ سَبِيلًا,100,8167,8167,+1,1003627,1003627,+1,
4,367,corps,V151.1,أُولَـٰئِكَ هُمُ الْكَافِرُونَ حَقًّا ۚ,18,609,3·7·29,0,1003627,1003627,+1,
4,368,clausule (récurrente),V151.2,وَأَعْتَدْنَا لِلْكَافِرِينَ عَذَابًا مُّهِينًا,25,1833,3·13·47,0,114583,7·16369,+1,
4,369,corps,V152.1,وَالَّذِينَ آمَنُوا بِاللَّهِ وَرُسُلِهِ وَلَمْ يُفَرِّقُوا بَيْنَ أَحَدٍ مِّنْهُمْ أُولَـٰئِكَ سَوْفَ يُؤْتِيهِمْ أُجُورَهُمْ ۗ,60,2886,2·3·13·37,0,1003627,1003627,+1,
4,370,clausule (récurrente),V152.2,وَكَانَ اللَّهُ غَفُورًا رَّحِيمًا,18,1689,3·563,0,114583,7·16369,+1,
4,371,corps,V153.1,يَسْأَلُكَ أَهْلُ الْكِتَابِ أَن تُنَزِّلَ عَلَيْهِمْ كِتَابًا مِّنَ السَّمَاءِ ۚ,38,1951,1951,+1,1003627,1003627,+1,
4,372,corps,V153.2,فَقَدْ سَأَلُوا مُوسَىٰ أَكْبَرَ مِن ذَٰلِكَ فَقَالُوا أَرِنَا اللَّهَ جَهْرَةً فَأَخَذَتْهُمُ الصَّاعِقَةُ بِظُلْمِهِمْ ۚ,59,5350,2·5^2·107,+1,1003627,1003627,+1,
4,373,corps,V153.3,ثُمَّ اتَّخَذُوا الْعِجْلَ مِن بَعْدِ مَا جَاءَتْهُمُ الْبَيِّنَاتُ فَعَفَوْنَا عَن ذَٰلِكَ ۚ,44,4690,2·5·7·67,+1,1003627,1003627,+1,
4,374,corps,V153.4,وَآتَيْنَا مُوسَىٰ سُلْطَانًا مُّبِينًا,21,838,2·419,+1,1003627,1003627,+1,
4,375,corps,V154,وَرَفَعْنَا فَوْقَهُمُ الطُّورَ بِمِيثَاقِهِمْ وَقُلْنَا لَهُمُ ادْخُلُوا الْبَابَ سُجَّدًا وَقُلْنَا لَهُمْ لَا تَعْدُوا فِي السَّبْتِ وَأَخَذْنَا مِنْهُم مِّيثَاقًا غَلِيظًا,90,8033,29·277,-1,1003627,1003627,+1,
4,376,corps,V155.1,فَبِمَا نَقْضِهِم مِّيثَاقَهُمْ وَكُفْرِهِم بِآيَاتِ اللَّهِ وَقَتْلِهِمُ الْأَنبِيَاءَ بِغَيْرِ حَقٍّ وَقَوْلِهِمْ قُلُوبُنَا غُلْفٌ ۚ,66,6128,2^4·383,-1,1003627,1003627,+1,
4,377,corps,V155.2,بَلْ طَبَعَ اللَّهُ عَلَيْهَا بِكُفْرِهِمْ فَلَا يُؤْمِنُونَ إِلَّا قَلِيلًا,37,1118,2·13·43,-1,1003627,1003627,+1,
4,378,corps,V156,وَبِكُفْرِهِمْ وَقَوْلِهِمْ عَلَىٰ مَرْيَمَ بُهْتَانًا عَظِيمًا,31,2420,2^2·5·11^2,-1,1003627,1003627,+1,
4,379,corps,V157.1,وَقَوْلِهِمْ إِنَّا قَتَلْنَا الْمَسِيحَ عِيسَى ابْنَ مَرْيَمَ رَسُولَ اللَّهِ وَمَا قَتَلُوهُ وَمَا صَلَبُوهُ وَلَـٰكِن شُبِّهَ لَهُمْ ۚ,65,3080,2^3·5·7·11,-1,1003627,1003627,+1,
4,380,corps,V157.2,وَإِنَّ الَّذِينَ اخْتَلَفُوا فِيهِ لَفِي شَكٍّ مِّنْهُ ۚ,26,2596,2^2·11·59,+1,1003627,1003627,+1,
4,381,corps,V157.3,مَا لَهُم بِهِ مِنْ عِلْمٍ إِلَّا اتِّبَاعَ الظَّنِّ ۚ,24,1840,2^4·5·23,+1,1003627,1003627,+1,
4,382,corps,V157.4,وَمَا قَتَلُوهُ يَقِينًا,13,759,3·11·23,0,1003627,1003627,+1,
4,383,corps,V158.1,بَل رَّفَعَهُ اللَّهُ إِلَيْهِ ۚ,14,499,499,+1,1003627,1003627,+1,
4,384,clausule (récurrente),V158.2,وَكَانَ اللَّهُ عَزِيزًا حَكِيمًا,18,317,317,-1,114583,7·16369,+1,
4,385,corps,V159.1,وَإِن مِّنْ أَهْلِ الْكِتَابِ إِلَّا لَيُؤْمِنَنَّ بِهِ قَبْلَ مَوْتِهِ ۖ,32,1445,5·17^2,-1,1003627,1003627,+1,
4,386,corps,V159.2,وَيَوْمَ الْقِيَامَةِ يَكُونُ عَلَيْهِمْ شَهِيدًا,25,810,2·3^4·5,0,1003627,1003627,+1,
4,387,corps,V160,فَبِظُلْمٍ مِّنَ الَّذِينَ هَادُوا حَرَّمْنَا عَلَيْهِمْ طَيِّبَاتٍ أُحِلَّتْ لَهُمْ وَبِصَدِّهِمْ عَن سَبِيلِ اللَّهِ كَثِيرًا,60,4506,2·3·751,0,1003627,1003627,+1,
4,388,corps,V161.1,وَأَخْذِهِمُ الرِّبَا وَقَدْ نُهُوا عَنْهُ وَأَكْلِهِمْ أَمْوَالَ النَّاسِ بِالْبَاطِلِ ۚ,44,2280,2^3·3·5·19,0,1003627,1003627,+1,
4,389,corps,V161.2,وَأَعْتَدْنَا لِلْكَافِرِينَ مِنْهُمْ عَذَابًا أَلِيمًا,29,1944,2^3·3^5,0,1003627,1003627,+1,
4,390,clausule (récurrente),V162.1,لَّـٰكِنِ الرَّاسِخُونَ فِي الْعِلْمِ مِنْهُمْ وَالْمُؤْمِنُونَ يُؤْمِنُونَ بِمَا أُنزِلَ إِلَيْكَ وَمَا أُنزِلَ مِن قَبْلِكَ ۚ,61,2404,2^2·601,+1,114583,7·16369,+1,
4,391,corps,V162.2,وَالْمُقِيمِينَ الصَّلَاةَ ۚ,15,444,2^2·3·37,0,1003627,1003627,+1,
4,392,corps,V162.3,وَالْمُؤْتُونَ الزَّكَاةَ وَالْمُؤْمِنُونَ بِاللَّهِ وَالْيَوْمِ الْآخِرِ أُولَـٰئِكَ سَنُؤْتِيهِمْ أَجْرًا عَظِيمًا,60,3689,7·17·31,-1,1003627,1003627,+1,
4,393,corps,V163.1,إِنَّا أَوْحَيْنَا إِلَيْكَ كَمَا أَوْحَيْنَا إِلَىٰ نُوحٍ وَالنَّبِيِّينَ مِن بَعْدِهِ ۚ,42,761,761,-1,1003627,1003627,+1,
4,394,corps,V163.2,وَأَوْحَيْنَا إِلَىٰ إِبْرَاهِيمَ وَإِسْمَاعِيلَ وَإِسْحَاقَ وَيَعْقُوبَ وَالْأَسْبَاطِ وَعِيسَىٰ وَأَيُّوبَ وَيُونُسَ وَهَارُونَ وَسُلَيْمَانَ ۚ,73,1858,2·929,+1,1003627,1003627,+1,
4,395,corps,V163.3,وَآتَيْنَا دَاوُودَ زَبُورًا,16,705,3·5·47,0,1003627,1003627,+1,
4,396,corps,V164.1,وَرُسُلًا قَدْ قَصَصْنَاهُمْ عَلَيْكَ مِن قَبْلُ وَرُسُلًا لَّمْ نَقْصُصْهُمْ عَلَيْكَ ۚ,40,2001,3·23·29,0,1003627,1003627,+1,
4,397,corps,V164.2,وَكَلَّمَ اللَّهُ مُوسَىٰ تَكْلِيمًا,18,779,19·41,-1,1003627,1003627,+1,
4,398,corps,V165.1,رُّسُلًا مُّبَشِّرِينَ وَمُنذِرِينَ لِئَلَّا يَكُونَ لِلنَّاسِ عَلَى اللَّهِ حُجَّةٌ بَعْدَ الرُّسُلِ ۚ,48,2866,2·1433,+1,1003627,1003627,+1,
4,399,clausule (récurrente),V165.2,وَكَانَ اللَّهُ عَزِيزًا حَكِيمًا,18,317,317,-1,114583,7·16369,+1,
4,400,corps,V166.1,لَّـٰكِنِ اللَّهُ يَشْهَدُ بِمَا أَنزَلَ إِلَيْكَ ۖ,22,677,677,-1,1003627,1003627,+1,
4,401,corps,V166.2,أَنزَلَهُ بِعِلْمِهِ ۖ,10,240,2^4·3·5,0,1003627,1003627,+1,
4,402,corps,V166.3,وَالْمَلَائِكَةُ يَشْهَدُونَ ۚ,15,518,2·7·37,-1,1003627,1003627,+1,
4,403,clausule (récurrente),V166.4,وَكَفَىٰ بِاللَّهِ شَهِيدًا,14,504,2^3·3^2·7,0,114583,7·16369,+1,
4,404,corps,V167,إِنَّ الَّذِينَ كَفَرُوا وَصَدُّوا عَن سَبِيلِ اللَّهِ قَدْ ضَلُّوا ضَلَالًا بَعِيدًا,43,3434,2·17·101,-1,1003627,1003627,+1,
4,405,corps,V168,إِنَّ الَّذِينَ كَفَرُوا وَظَلَمُوا لَمْ يَكُنِ اللَّهُ لِيَغْفِرَ لَهُمْ وَلَا لِيَهْدِيَهُمْ طَرِيقًا,50,4204,2^2·1051,+1,1003627,1003627,+1,
4,406,corps,V169.1,إِلَّا طَرِيقَ جَهَنَّمَ خَالِدِينَ فِيهَا أَبَدًا ۚ,25,1248,2^5·3·13,0,1003627,1003627,+1,
4,407,clausule (récurrente),V169.2,وَكَانَ ذَٰلِكَ عَلَى اللَّهِ يَسِيرًا,19,1284,2^2·3·107,0,114583,7·16369,+1,
4,408,corps,V170.1,يَا أَيُّهَا النَّاسُ قَدْ جَاءَكُمُ الرَّسُولُ بِالْحَقِّ مِن رَّبِّكُمْ فَآمِنُوا خَيْرًا لَّكُمْ ۚ,48,2238,2·3·373,0,1003627,1003627,+1,
4,409,corps,V170.2,وَإِن تَكْفُرُوا فَإِنَّ لِلَّهِ مَا فِي السَّمَاوَاتِ وَالْأَرْضِ ۚ,33,2668,2^2·23·29,+1,1003627,1003627,+1,
4,410,clausule (récurrente),V170.3,وَكَانَ اللَّهُ عَلِيمًا حَكِيمًا,18,373,373,+1,114583,7·16369,+1,
4,411,clausule (récurrente),V171.1,يَا أَهْلَ الْكِتَابِ لَا تَغْلُوا فِي دِينِكُمْ وَلَا تَقُولُوا عَلَى اللَّهِ إِلَّا الْحَقَّ ۚ,48,3110,2·5·311,-1,114583,7·16369,+1,
4,412,corps,V171.2,إِنَّمَا الْمَسِيحُ عِيسَى ابْنُ مَرْيَمَ رَسُولُ اللَّهِ وَكَلِمَتُهُ أَلْقَاهَا إِلَىٰ مَرْيَمَ وَرُوحٌ مِّنْهُ ۖ,55,2381,2381,-1,1003627,1003627,+1,
4,413,corps,V171.3,فَآمِنُوا بِاللَّهِ وَرُسُلِهِ ۖ,16,547,547,+1,1003627,1003627,+1,
4,414,clausule (récurrente),V171.4,وَلَا تَقُولُوا ثَلَاثَةٌ ۚ,14,1616,2^4·101,-1,114583,7·16369,+1,
4,415,corps,V171.5,انتَهُوا خَيْرًا لَّكُمْ ۚ,13,1364,2^2·11·31,-1,1003627,1003627,+1,
4,416,corps,V171.6,إِنَّمَا اللَّهُ إِلَـٰهٌ وَاحِدٌ ۖ,15,213,3·71,0,1003627,1003627,+1,
4,417,clausule (récurrente),V171.7,سُبْحَانَهُ أَن يَكُونَ لَهُ وَلَدٌ ۘ,17,338,2·13^2,-1,114583,7·16369,+1,
4,418,corps,V171.8,لَّهُ مَا فِي السَّمَاوَاتِ وَمَا فِي الْأَرْضِ ۗ,24,1874,2·937,-1,1003627,1003627,+1,
4,419,clausule (récurrente),V171.9,وَكَفَىٰ بِاللَّهِ وَكِيلًا,14,251,251,-1,114583,7·16369,+1,
4,420,corps,V172.1,لَّن يَسْتَنكِفَ الْمَسِيحُ أَن يَكُونَ عَبْدًا لِّلَّهِ وَلَا الْمَلَائِكَةُ الْمُقَرَّبُونَ ۚ,46,1731,3·577,0,1003627,1003627,+1,
4,421,corps,V172.2,وَمَن يَسْتَنكِفْ عَنْ عِبَادَتِهِ وَيَسْتَكْبِرْ فَسَيَحْشُرُهُمْ إِلَيْهِ جَمِيعًا,41,2889,3^3·107,0,1003627,1003627,+1,
4,422,corps,V173.1,فَأَمَّا الَّذِينَ آمَنُوا وَعَمِلُوا الصَّالِحَاتِ فَيُوَفِّيهِمْ أُجُورَهُمْ وَيَزِيدُهُم مِّن فَضْلِهِ ۖ,54,3298,2·17·97,+1,1003627,1003627,+1,
4,423,corps,V173.2,وَأَمَّا الَّذِينَ اسْتَنكَفُوا وَاسْتَكْبَرُوا فَيُعَذِّبُهُمْ عَذَابًا أَلِيمًا وَلَا يَجِدُونَ لَهُم مِّن دُونِ اللَّهِ وَلِيًّا وَلَا نَصِيرًا,75,4752,2^4·3^3·11,0,1003627,1003627,+1,
4,424,corps,V174,يَا أَيُّهَا النَّاسُ قَدْ جَاءَكُم بُرْهَانٌ مِّن رَّبِّكُمْ وَأَنزَلْنَا إِلَيْكُمْ نُورًا مُّبِينًا,50,1555,5·311,+1,1003627,1003627,+1,
4,425,corps,V175,فَأَمَّا الَّذِينَ آمَنُوا بِاللَّهِ وَاعْتَصَمُوا بِهِ فَسَيُدْخِلُهُمْ فِي رَحْمَةٍ مِّنْهُ وَفَضْلٍ وَيَهْدِيهِمْ إِلَيْهِ صِرَاطًا مُّسْتَقِيمًا,73,4961,11^2·41,-1,1003627,1003627,+1,
4,426,corps,V176.1,يَسْتَفْتُونَكَ قُلِ اللَّهُ يُفْتِيكُمْ فِي الْكَلَالَةِ ۚ,29,1989,3^2·13·17,0,1003627,1003627,+1,
4,427,corps,V176.2,إِنِ امْرُؤٌ هَلَكَ لَيْسَ لَهُ وَلَدٌ وَلَهُ أُخْتٌ فَلَهَا نِصْفُ مَا تَرَكَ ۚ,35,2567,17·151,-1,1003627,1003627,+1,
4,428,corps,V176.3,وَهُوَ يَرِثُهَا إِن لَّمْ يَكُن لَّهَا وَلَدٌ ۚ,21,1010,2·5·101,-1,1003627,1003627,+1,
4,429,corps,V176.4,فَإِن كَانَتَا اثْنَتَيْنِ فَلَهُمَا الثُّلُثَانِ مِمَّا تَرَكَ ۚ,32,3583,3583,+1,1003627,1003627,+1,
4,430,corps,V176.5,وَإِن كَانُوا إِخْوَةً رِّجَالًا وَنِسَاءً فَلِلذَّكَرِ مِثْلُ حَظِّ الْأُنثَيَيْنِ ۗ,41,4290,2·3·5·11·13,0,1003627,1003627,+1,
4,431,corps,V176.6,يُبَيِّنُ اللَّهُ لَكُمْ أَن تَضِلُّوا ۗ,18,1516,2^2·379,+1,1003627,1003627,+1,
4,432,corps,V176.7,وَاللَّهُ بِكُلِّ شَيْءٍ عَلِيمٌ,15,585,3^2·5·13,0,1003627,1003627,+1,
13,1,corps,V1,بِسْمِ اللَّهِ الرَّحْمَـٰنِ الرَّحِيمِ المر تِلْكَ آيَاتُ الْكِتَابِ,36,2373,3·7·113,0,238227,3·11·7219,0,"Alif, Lâm, Mîm, Râ."
13,2,corps,V1,وَالَّذِي أُنزِلَ إِلَيْكَ مِن رَّبِّكَ الْحَقُّ وَلَـٰكِنَّ أَكْثَرَ النَّاسِ لَا يُؤْمِنُونَ,43,2509,13·193,+1,238227,3·11·7219,0,Voici les versets du Livre; et ce qui t'a été révélé par ton Seigneur est la vérité; mais la plupart des gens ne croient pas
13,3,corps,V2,اللَّهُ الَّذِي رَفَعَ السَّمَاوَاتِ بِغَيْرِ عَمَدٍ تَرَوْنَهَا,32,3684,2^2·3·307,0,238227,3·11·7219,0,Allah est Celui qui a élevé les cieux sans piliers visibles.
13,4,corps,V2,ثُمَّ اسْتَوَىٰ عَلَى الْعَرْشِ وَسَخَّرَ الشَّمْسَ وَالْقَمَرَ كُلٌّ يَجْرِي لِأَجَلٍ مُّسَمًّى,44,3889,3889,+1,238227,3·11·7219,0,"Il S'est établi sur le Trône et a soumis le soleil et la lune, chacun poursuivant sa course vers un terme fixé."
13,5,corps,V2,يُدَبِّرُ الْأَمْرَ يُفَصِّلُ الْآيَاتِ لَعَلَّكُم بِلِقَاءِ رَبِّكُمْ تُوقِنُونَ,39,2339,2339,-1,238227,3·11·7219,0,Il règle l'Ordre et expose en détail les signes afin que vous ayez la certitude de la rencontre de votre Seigneur
13,6,corps,V3,وَهُوَ الَّذِي مَدَّ الْأَرْضَ وَجَعَلَ فِيهَا رَوَاسِيَ وَأَنْهَارًا,34,2580,2^2·3·5·43,0,238227,3·11·7219,0,Et c'est Lui qui a étendu la terre et y a placé montagnes et fleuves.
13,7,corps,V3,وَمِن كُلِّ الثَّمَرَاتِ جَعَلَ فِيهَا زَوْجَيْنِ اثْنَيْنِ,29,2204,2^2·19·29,-1,238227,3·11·7219,0,Et de chaque espèce de fruits Il y établit deux éléments de couple.
13,8,corps,V3,يُغْشِي اللَّيْلَ النَّهَارَ,15,1708,2^2·7·61,+1,238227,3·11·7219,0,Il fait que la nuit couvre le jour.
13,9,corps,V3,إِنَّ فِي ذَٰلِكَ لَآيَاتٍ لِّقَوْمٍ يَتَفَكَّرُونَ,23,2275,5^2·7·13,+1,238227,3·11·7219,0,Voilà bien là des preuves pour des gens qui réfléchissent
13,10,corps,V4,وَفِي الْأَرْضِ قِطَعٌ مُّتَجَاوِرَاتٌ وَجَنَّاتٌ مِّنْ أَعْنَابٍ وَزَرْعٌ وَنَخِيلٌ صِنْوَانٌ وَغَيْرُ صِنْوَانٍ يُسْقَىٰ بِمَاءٍ وَاحِدٍ وَنُفَضِّلُ بَعْضَهَا عَلَىٰ بَعْضٍ فِي الْأُكُلِ,89,8862,2·3·7·211,0,238227,3·11·7219,0,"Et sur la terre il y a des parcelles voisines les unes des autres, des jardins de vignes, et des céréales et des palmiers, en touffes ou espacés, arrosés de la même eau, cependant Nous rendons supérieurs les uns aux autres quant au goût."
13,11,corps,V4,إِنَّ فِي ذَٰلِكَ لَآيَاتٍ لِّقَوْمٍ يَعْقِلُونَ,22,1775,5^2·71,-1,238227,3·11·7219,0,Voilà bien là des preuves pour des gens qui raisonnent
13,12,corps,V5,وَإِن تَعْجَبْ فَعَجَبٌ قَوْلُهُمْ أَإِذَا كُنَّا تُرَابًا أَإِنَّا لَفِي خَلْقٍ جَدِيدٍ,42,3170,2·5·317,-1,238227,3·11·7219,0,"Et si tu dois t'étonner, rien de plus étonnant que leurs dires: «Quand nous seront poussière, reviendrons-nous vraiment à une nouvelle création?"
13,13,corps,V5,أُولَـٰئِكَ الَّذِينَ كَفَرُوا بِرَبِّهِمْ,20,1414,2·7·101,+1,238227,3·11·7219,0,Ceux-là sont ceux qui ne croient pas en leur Seigneur.
13,14,corps,V5,وَأُولَـٰئِكَ الْأَغْلَالُ فِي أَعْنَاقِهِمْ,22,1523,1523,-1,238227,3·11·7219,0,Et ce sont eux qui auront des jougs à leur cou.
13,15,corps,V5,وَأُولَـٰئِكَ أَصْحَابُ النَّارِ هُمْ فِيهَا خَالِدُونَ,28,1289,1289,-1,238227,3·11·7219,0,"Et ce sont eux les gens du Feu, où ils demeureront éternellement"
13,16,corps,V6,وَيَسْتَعْجِلُونَكَ بِالسَّيِّئَةِ قَبْلَ الْحَسَنَةِ,26,1059,3·353,0,238227,3·11·7219,0,Et ils te demandent de hâter du malheur plutôt que celle du bonheur.
13,17,corps,V6,وَقَدْ خَلَتْ مِن قَبْلِهِمُ الْمَثُلَاتُ,20,2409,3·11·73,0,238227,3·11·7219,0,"Certes, il s'est produit avant eux des châtiments exemplaires."
13,18,corps,V6,وَإِنَّ رَبَّكَ لَذُو مَغْفِرَةٍ لِّلنَّاسِ عَلَىٰ ظُلْمِهِمْ,27,3636,2^2·3^2·101,0,238227,3·11·7219,0,"Ton Seigneur est Détenteur du pardon pour les gens, malgré leurs méfaits."
13,19,corps,V6,وَإِنَّ رَبَّكَ لَشَدِيدُ الْعِقَابِ,17,831,3·277,0,238227,3·11·7219,0,Et ton Seigneur est assurément dur en punition
13,20,corps,V7,وَيَقُولُ الَّذِينَ كَفَرُوا لَوْلَا أُنزِلَ عَلَيْهِ آيَةٌ مِّن رَّبِّهِ,35,1833,3·13·47,0,238227,3·11·7219,0,Et ceux qui ont mécru disent: «Pourquoi n'a-t-on pas fait descendre sur celui-ci un miracle venant de son Seigneur?
13,21,corps,V7,إِنَّمَا أَنتَ مُنذِرٌ وَلِكُلِّ قَوْمٍ هَادٍ,21,1775,5^2·71,-1,238227,3·11·7219,0,"Tu n'es qu'un avertisseur, et à chaque peuple un guide"
13,22,corps,V8,اللَّهُ يَعْلَمُ مَا تَحْمِلُ كُلُّ أُنثَىٰ وَمَا تَغِيضُ الْأَرْحَامُ وَمَا تَزْدَادُ,42,4347,3^3·7·23,0,238227,3·11·7219,0,"Allah sait ce que porte chaque femelle, et de combien la période de gestation dans la matrice est écourtée ou prolongée."
13,23,corps,V8,وَكُلُّ شَيْءٍ عِندَهُ بِمِقْدَارٍ,16,843,3·281,0,238227,3·11·7219,0,Et toute chose a auprès de Lui sa mesure
13,24,corps,V9,عَالِمُ الْغَيْبِ وَالشَّهَادَةِ الْكَبِيرُ الْمُتَعَالِ,30,2371,2371,+1,238227,3·11·7219,0,"Le Connaisseur de ce qui est caché et de ce qui est apparent, Le Grand, Le Sublime"
13,25,corps,V10,سَوَاءٌ مِّنكُم مَّنْ أَسَرَّ الْقَوْلَ وَمَن جَهَرَ بِهِ وَمَنْ هُوَ مُسْتَخْفٍ بِاللَّيْلِ وَسَارِبٌ بِالنَّهَارِ,54,2995,5·599,+1,238227,3·11·7219,0,"Sont égaux pour lui, celui parmi vous qui tient secrète sa parole, et celui qui la divulgue, celui qui se cache la nuit comme celui qui se montre au grand jour"
13,26,corps,V11,لَهُ مُعَقِّبَاتٌ مِّن بَيْنِ يَدَيْهِ وَمِنْ خَلْفِهِ يَحْفَظُونَهُ مِنْ أَمْرِ اللَّهِ,40,3096,2^3·3^2·43,0,238227,3·11·7219,0,Il a par devant lui et derrière lui des Anges qui se relaient et qui veillent sur lui par ordre d'Allah.
13,27,corps,V11,إِنَّ اللَّهَ لَا يُغَيِّرُ مَا بِقَوْمٍ حَتَّىٰ يُغَيِّرُوا مَا بِأَنفُسِهِمْ,36,3481,59^2,+1,238227,3·11·7219,0,"En vérité, Allah ne modifie point l'état d'un peuple, tant que les ne modifient pas ce qui est en eux-mêmes."
13,28,corps,V11,وَإِذَا أَرَادَ اللَّهُ بِقَوْمٍ سُوءًا فَلَا مَرَدَّ لَهُ وَمَا لَهُم مِّن دُونِهِ مِن وَالٍ,45,1990,2·5·199,+1,238227,3·11·7219,0,"Et lorsqu'Allah veut un mal à un peuple, nul ne peut le repousser: ils n'ont en dehors de Lui aucun protecteur"
13,29,corps,V12,هُوَ الَّذِي يُرِيكُمُ الْبَرْقَ خَوْفًا وَطَمَعًا وَيُنشِئُ السَّحَابَ الثِّقَالَ,42,3318,2·3·7·79,0,238227,3·11·7219,0,C'est lui qui vous fait voir l'éclair crainte et espoir; et Il crée les nuages lourds
13,30,corps,V13,وَيُسَبِّحُ الرَّعْدُ بِحَمْدِهِ وَالْمَلَائِكَةُ مِنْ خِيفَتِهِ,31,1778,2·7·127,-1,238227,3·11·7219,0,"Le tonnerre Le glorifie par Sa louange, et aussi les Anges, sous l'effet de Sa crainte."
13,31,corps,V13,وَيُرْسِلُ الصَّوَاعِقَ فَيُصِيبُ بِهَا مَن يَشَاءُ,26,1206,2·3^2·67,0,238227,3·11·7219,0,Et Il lance les foudres dont Il atteint qui Il veut.
13,32,corps,V13,وَهُمْ يُجَادِلُونَ فِي اللَّهِ وَهُوَ شَدِيدُ الْمِحَالِ,29,756,2^2·3^3·7,0,238227,3·11·7219,0,Or ils disputent au sujet d'Allah alors qu'Il est redoutable en Sa force
13,33,corps,V14,لَهُ دَعْوَةُ الْحَقِّ,10,259,7·37,+1,238227,3·11·7219,0,A Lui l'appel de la Vérité!
13,34,corps,V14,وَالَّذِينَ يَدْعُونَ مِن دُونِهِ لَا يَسْتَجِيبُونَ لَهُم بِشَيْءٍ إِلَّا كَبَاسِطِ كَفَّيْهِ إِلَى الْمَاءِ لِيَبْلُغَ فَاهُ وَمَا هُوَ بِبَالِغِهِ,73,4661,59·79,-1,238227,3·11·7219,0,"Ceux qu'ils invoquent en dehors de Lui ne leur répondent d'aucune façon; semblables à celui qui étend ses deux mains vers l'eau pour la porter à sa bouche, mais qui ne parvient jamais à l'atteindre."
13,35,corps,V14,وَمَا دُعَاءُ الْكَافِرِينَ إِلَّا فِي ضَلَالٍ,24,1498,2·7·107,+1,238227,3·11·7219,0,L'invocation des mécréants n'est que vanité
13,36,corps,V15,وَلِلَّهِ يَسْجُدُ مَن فِي السَّمَاوَاتِ وَالْأَرْضِ طَوْعًا وَكَرْهًا وَظِلَالُهُم بِالْغُدُوِّ وَالْآصَالِ,55,4437,3^2·17·29,0,238227,3·11·7219,0,"Et c'est à Allah que se prosternent, bon gré mal gré, tous ceux qui sont dans les cieux et sur la terre, ainsi que leurs ombres, au début et à la fin de la journée"
13,37,corps,V16,قُلْ مَن رَّبُّ السَّمَاوَاتِ وَالْأَرْضِ,20,1999,1999,+1,238227,3·11·7219,0,Dis: «Qui est le Seigneur des cieux et de la terre?
13,38,corps,V16,قُلِ اللَّهُ,6,196,2^2·7^2,+1,238227,3·11·7219,0,Dis: «Allah».
13,39,corps,V16,قُلْ أَفَاتَّخَذْتُم مِّن دُونِهِ أَوْلِيَاءَ لَا يَمْلِكُونَ لِأَنفُسِهِمْ نَفْعًا وَلَا ضَرًّا,47,4248,2^3·3^2·59,0,238227,3·11·7219,0,"Dis: «Et prendrez-vous en dehors de Lui, des maîtres qui ne détiennent pour eux-mêmes ni bien ni mal?"
13,40,corps,V16,قُلْ هَلْ يَسْتَوِي الْأَعْمَىٰ وَالْبَصِيرُ,22,1142,2·571,-1,238227,3·11·7219,0,"Dis: «Sont-ils égaux, l'aveugle et celui qui voit?"
13,41,corps,V16,أَمْ هَلْ تَسْتَوِي الظُّلُمَاتُ وَالنُّورُ,22,2647,2647,+1,238227,3·11·7219,0,"Ou sont-elles égales, les ténèbres et la lumière?"
13,42,corps,V16,أَمْ جَعَلُوا لِلَّهِ شُرَكَاءَ خَلَقُوا كَخَلْقِهِ فَتَشَابَهَ الْخَلْقُ عَلَيْهِمْ,41,3934,2·7·281,+1,238227,3·11·7219,0,Ou donnent-ils à Allah des associés qui créent comme Sa création au point que les deux créations se soient confondues à eux?
13,43,corps,V16,قُلِ اللَّهُ خَالِقُ كُلِّ شَيْءٍ وَهُوَ الْوَاحِدُ الْقَهَّارُ,30,1692,2^2·3^2·47,0,238227,3·11·7219,0,"Dis: «Allah est le Créateur de toute chose, et c'est Lui l'Unique, le Dominateur suprême»"
13,44,corps,V17,أَنزَلَ مِنَ السَّمَاءِ مَاءً فَسَالَتْ أَوْدِيَةٌ بِقَدَرِهَا فَاحْتَمَلَ السَّيْلُ زَبَدًا رَّابِيًا,51,2180,2^2·5·109,-1,238227,3·11·7219,0,"Il a fait descendre une eau du ciel à laquelle des vallées servent de lit, selon leur grandeur."
13,45,corps,V17,وَمِمَّا يُوقِدُونَ عَلَيْهِ فِي النَّارِ ابْتِغَاءَ حِلْيَةٍ أَوْ مَتَاعٍ زَبَدٌ مِّثْلُهُ,44,3314,2·1657,-1,238227,3·11·7219,0,"Le flot débordé a charrié une écume flottante; et semblable à celle-ci est écume provenant de ce qu'on porte à fusion, dans le feu pour des bijoux et des ustensiles."
13,46,corps,V17,كَذَٰلِكَ يَضْرِبُ اللَّهُ الْحَقَّ وَالْبَاطِلَ,23,2066,2·1033,-1,238227,3·11·7219,0,"Ainsi Allah représente en parabole la Vérité et le Faux: l'écume s'en va, au rebut, tandis que utiles aux Hommes demeurent sur la terre."
13,47,corps,V17,فَأَمَّا الزَّبَدُ فَيَذْهَبُ جُفَاءً وَأَمَّا مَا يَنفَعُ النَّاسَ فَيَمْكُثُ فِي الْأَرْضِ كَذَٰلِكَ يَضْرِبُ اللَّهُ الْأَمْثَالَ,64,5712,2^4·3·7·17,0,238227,3·11·7219,0,Ainsi Allah propose des paraboles
13,48,corps,V18,لِلَّذِينَ اسْتَجَابُوا لِرَبِّهِمُ الْحُسْنَىٰ,24,1730,2·5·173,-1,238227,3·11·7219,0,La meilleure est pour ceux qui répondent à de leur Seigneur.
13,49,corps,V18,وَالَّذِينَ لَمْ يَسْتَجِيبُوا لَهُ لَوْ أَنَّ لَهُم مَّا فِي الْأَرْضِ جَمِيعًا وَمِثْلَهُ مَعَهُ لَافْتَدَوْا بِهِ,56,4068,2^2·3^2·113,0,238227,3·11·7219,0,"Et quant à ceux qui ne Lui répondent pas, s'ils avaient tout ce qui est sur la terre, et autant encore, ils l'offriraient en rançon."
13,50,corps,V18,أُولَـٰئِكَ لَهُمْ سُوءُ الْحِسَابِ وَمَأْوَاهُمْ جَهَنَّمُ,28,508,2^2·127,+1,238227,3·11·7219,0,Ceux-là auront le détestable rendement de compte et l'Enfer sera leur refuge.
13,51,corps,V18,وَبِئْسَ الْمِهَادُ,10,159,3·53,0,238227,3·11·7219,0,Quel détestable lit de repos
13,52,corps,V19,أَفَمَن يَعْلَمُ أَنَّمَا أُنزِلَ إِلَيْكَ مِن رَّبِّكَ الْحَقُّ كَمَنْ هُوَ أَعْمَىٰ,38,1255,5·251,+1,238227,3·11·7219,0,"Celui qui sait que ce qui t'est révélé de la part de ton Seigneur est la vérité, est-il semblable à l'aveugle?"
13,53,corps,V19,إِنَّمَا يَتَذَكَّرُ أُولُو الْأَلْبَابِ,20,1532,2^2·383,-1,238227,3·11·7219,0,Seuls les gens doués d'intelligence réfléchissent bien
13,54,corps,V20,الَّذِينَ يُوفُونَ بِعَهْدِ اللَّهِ وَلَا يَنقُضُونَ الْمِيثَاقَ,34,2825,5^2·113,-1,238227,3·11·7219,0,ceux qui remplissent leur engagement envers Allah et ne violent pas le pacte
13,55,corps,V21,وَالَّذِينَ يَصِلُونَ مَا أَمَرَ اللَّهُ بِهِ أَن يُوصَلَ وَيَخْشَوْنَ رَبَّهُمْ وَيَخَافُونَ سُوءَ الْحِسَابِ,54,3666,2·3·13·47,0,238227,3·11·7219,0,"qui unissent ce qu'Allah a commandé d'unir, redoutent leur Seigneur et craignent une malheureuse reddition de compte"
13,56,corps,V22,وَالَّذِينَ صَبَرُوا ابْتِغَاءَ وَجْهِ رَبِّهِمْ وَأَقَامُوا الصَّلَاةَ وَأَنفَقُوا مِمَّا رَزَقْنَاهُمْ سِرًّا وَعَلَانِيَةً وَيَدْرَءُونَ بِالْحَسَنَةِ السَّيِّئَةَ,84,4784,2^4·13·23,-1,238227,3·11·7219,0,"et qui endurent dans la recherche de l'agrément d'Allah, accomplissent la Salât et dépensent , en secret et en public, de ce que Nous leur avons attribué, et repoussent le mal par le bien."
13,57,corps,V22,أُولَـٰئِكَ لَهُمْ عُقْبَى الدَّارِ,17,560,2^4·5·7,-1,238227,3·11·7219,0,"A ceux-là, la bonne demeure finale"
13,58,corps,V23,جَنَّاتُ عَدْنٍ يَدْخُلُونَهَا وَمَن صَلَحَ مِنْ آبَائِهِمْ وَأَزْوَاجِهِمْ وَذُرِّيَّاتِهِمْ,45,3088,2^4·193,+1,238227,3·11·7219,0,"les jardins d'Eden, où ils entreront, ainsi que tous ceux de leurs ascendants, conjoints et descendants, qui ont été de bons croyants."
13,59,corps,V23,وَالْمَلَائِكَةُ يَدْخُلُونَ عَلَيْهِم مِّن كُلِّ بَابٍ,27,1143,3^2·127,0,238227,3·11·7219,0,"De chaque porte, les Anges entreront auprès d'eux"
13,60,corps,V24,سَلَامٌ عَلَيْكُم بِمَا صَبَرْتُمْ,17,1076,2^2·269,-1,238227,3·11·7219,0,"«Paix sur vous, pour ce que vous avez enduré!"
13,61,corps,V24,فَنِعْمَ عُقْبَى الدَّارِ,13,658,2·7·47,+1,238227,3·11·7219,0,- Comme est bonne votre demeure finale!»
13,62,corps,V25,وَالَّذِينَ يَنقُضُونَ عَهْدَ اللَّهِ مِن بَعْدِ مِيثَاقِهِ وَيَقْطَعُونَ مَا أَمَرَ اللَّهُ بِهِ أَن يُوصَلَ وَيُفْسِدُونَ فِي الْأَرْضِ أُولَـٰئِكَ لَهُمُ اللَّعْنَةُ وَلَهُمْ سُوءُ الدَّارِ,94,5623,5623,+1,238227,3·11·7219,0,"ceux qui violent leur pacte avec Allah après l'avoir engagé, et rompent ce qu'Allah a commandé d'unir et commettent le désordre sur terre, auront la malédiction et la mauvaise demeure"
13,63,corps,V26,اللَّهُ يَبْسُطُ الرِّزْقَ لِمَن يَشَاءُ وَيَقْدِرُ,25,1237,1237,+1,238227,3·11·7219,0,Allah étend largement Ses dons ou restreint à qui Il veut.
13,64,corps,V26,وَفَرِحُوا بِالْحَيَاةِ الدُّنْيَا وَمَا الْحَيَاةُ الدُّنْيَا فِي الْآخِرَةِ إِلَّا مَتَاعٌ,49,2122,2·1061,+1,238227,3·11·7219,0,"Ils se réjouissent de la vie sur terre, mais la vie d'ici-bas ne paraîtra que comme une jouissance éphémère en comparaison de l'au-delà"
13,65,corps,V27,وَيَقُولُ الَّذِينَ كَفَرُوا لَوْلَا أُنزِلَ عَلَيْهِ آيَةٌ مِّن رَّبِّهِ,35,1833,3·13·47,0,238227,3·11·7219,0,Ceux qui ont mécru disent: «Pourquoi n'a-t-on pas descendu sur lui un miracle venant de son Seigneur?
13,66,corps,V27,قُلْ إِنَّ اللَّهَ يُضِلُّ مَن يَشَاءُ وَيَهْدِي إِلَيْهِ مَنْ أَنَابَ,32,1714,2·857,+1,238227,3·11·7219,0,"Dis: «En vérité, Allah égare qui Il veut; et Il guide vers Lui celui qui se repent"
13,67,corps,V28,الَّذِينَ آمَنُوا وَتَطْمَئِنُّ قُلُوبُهُم بِذِكْرِ اللَّهِ,30,2575,5^2·103,+1,238227,3·11·7219,0,"ceux qui ont cru, et dont les cœurs se tranquillisent à l'évocation d'Allah»."
13,68,corps,V28,أَلَا بِذِكْرِ اللَّهِ تَطْمَئِنُّ الْقُلُوبُ,22,1698,2·3·283,0,238227,3·11·7219,0,"Certes, c'est par l'évocation d'Allah que les cœurs se tranquillisent"
13,69,corps,V29,الَّذِينَ آمَنُوا وَعَمِلُوا الصَّالِحَاتِ طُوبَىٰ لَهُمْ وَحُسْنُ مَآبٍ,38,1872,2^4·3^2·13,0,238227,3·11·7219,0,"Ceux qui croient et font de bonnes œuvres, auront le plus grand bien et aussi le plus bon retour"
13,70,corps,V30,كَذَٰلِكَ أَرْسَلْنَاكَ فِي أُمَّةٍ قَدْ خَلَتْ مِن قَبْلِهَا أُمَمٌ لِّتَتْلُوَ عَلَيْهِمُ الَّذِي أَوْحَيْنَا إِلَيْكَ وَهُمْ يَكْفُرُونَ بِالرَّحْمَـٰنِ,71,5358,2·3·19·47,0,238227,3·11·7219,0,"Ainsi Nous t'envoyons dans une communauté - que d'autres communautés ont précédée - pour que tu leur récites ce que Nous te révélons , cependant qu'ils ne croient pas au Tout Miséricordieux."
13,71,corps,V30,قُلْ هُوَ رَبِّي,7,353,353,-1,238227,3·11·7219,0,Dis: «C'est Lui mon Seigneur.
13,72,corps,V30,لَا إِلَـٰهَ إِلَّا هُوَ,10,110,2·5·11,-1,238227,3·11·7219,0,Pas d'autre divinité à part Lui.
13,73,corps,V30,عَلَيْهِ تَوَكَّلْتُ,9,971,971,-1,238227,3·11·7219,0,En Lui je place ma confiance.
13,74,corps,V30,وَإِلَيْهِ مَتَابِ,9,495,3^2·5·11,0,238227,3·11·7219,0,Et à Lui je me repens»
13,75,corps,V31,وَلَوْ أَنَّ قُرْآنًا سُيِّرَتْ بِهِ الْجِبَالُ أَوْ قُطِّعَتْ بِهِ الْأَرْضُ أَوْ كُلِّمَ بِهِ الْمَوْتَىٰ,48,3405,3·5·227,0,238227,3·11·7219,0,"S'il y avait un Coran à mettre les montagnes en marche, à fendre la terre ou à faire parler les morts ."
13,76,corps,V31,بَل لِّلَّهِ الْأَمْرُ جَمِيعًا,15,493,17·29,+1,238227,3·11·7219,0,C'est plutôt à Allah le commandement tout entier.
13,77,corps,V31,أَفَلَمْ يَيْأَسِ الَّذِينَ آمَنُوا أَن لَّوْ يَشَاءُ اللَّهُ لَهَدَى النَّاسَ جَمِيعًا,44,1901,1901,-1,238227,3·11·7219,0,"Les croyants ne savent-ils pas que, si Allah voulait, Il aurait dirigé tous les hommes vers le droit chemin."
13,78,corps,V31,وَلَا يَزَالُ الَّذِينَ كَفَرُوا تُصِيبُهُم بِمَا صَنَعُوا قَارِعَةٌ أَوْ تَحُلُّ قَرِيبًا مِّن دَارِهِمْ حَتَّىٰ يَأْتِيَ وَعْدُ اللَّهِ,67,4449,3·1483,0,238227,3·11·7219,0,"Cependant, ceux qui ne croient pas ne manqueront pas, pour prix de ce qu'ils font, d'être frappés par un cataclysme, ou s'abattra près de leurs demeures jusqu'à ce que vienne la promesse d'Allah."
13,79,corps,V31,إِنَّ اللَّهَ لَا يُخْلِفُ الْمِيعَادَ,19,1024,2^10,+1,238227,3·11·7219,0,"Car Allah, ne manque pas à Sa promesse"
13,80,corps,V32,وَلَقَدِ اسْتُهْزِئَ بِرُسُلٍ مِّن قَبْلِكَ,20,1157,13·89,-1,238227,3·11·7219,0,On s'est certes moqué des messagers avant toi.
13,81,corps,V32,فَأَمْلَيْتُ لِلَّذِينَ كَفَرُوا,16,1688,2^3·211,-1,238227,3·11·7219,0,"Alors, J'ai donné un répit aux mécréants."
13,82,corps,V32,ثُمَّ أَخَذْتُهُمْ,8,2286,2·3^2·127,0,238227,3·11·7219,0,"Ensuite, Je les ai saisis."
13,83,corps,V32,فَكَيْفَ كَانَ عِقَابِ,11,434,2·7·31,-1,238227,3·11·7219,0,Et quel fut Mon châtiment
13,84,corps,V33,أَفَمَنْ هُوَ قَائِمٌ عَلَىٰ كُلِّ نَفْسٍ بِمَا كَسَبَتْ وَجَعَلُوا لِلَّهِ شُرَكَاءَ,39,1911,3·7^2·13,0,238227,3·11·7219,0,Est-ce que Celui qui observe ce que chaque âme acquiert Et pourtant ils donnent des associés à Allah.
13,85,corps,V33,قُلْ سَمُّوهُمْ,7,281,281,-1,238227,3·11·7219,0,Dis «Nommez-les.
13,86,corps,V33,أَمْ تُنَبِّئُونَهُ بِمَا لَا يَعْلَمُ فِي الْأَرْضِ,25,1910,2·5·191,-1,238227,3·11·7219,0,Ou essayez-vous de Lui apprendre ce qu'Il ne connaît pas sur la terre?
13,87,corps,V33,أَم بِظَاهِرٍ مِّنَ الْقَوْلِ,14,1406,2·19·37,-1,238227,3·11·7219,0,Ou avez-vous été simplement séduits par de faux noms?
13,88,corps,V33,بَلْ زُيِّنَ لِلَّذِينَ كَفَرُوا مَكْرُهُمْ وَصُدُّوا عَنِ السَّبِيلِ,33,1891,31·61,+1,238227,3·11·7219,0,"En fait, on a embelli aux mécréants leur stratagème et on les a empêchés de prendre le droit chemin."
13,89,corps,V33,وَمَن يُضْلِلِ اللَّهُ فَمَا لَهُ مِنْ هَادٍ,21,1288,2^3·7·23,+1,238227,3·11·7219,0,"Et quiconque Allah laisse égarer, n'a plus personne pour le guider"
13,90,corps,V34,لَّهُمْ عَذَابٌ فِي الْحَيَاةِ الدُّنْيَا,21,1089,3^2·11^2,0,238227,3·11·7219,0,Un châtiment les atteindra dans la vie présente.
13,91,corps,V34,وَلَعَذَابُ الْآخِرَةِ أَشَقُّ وَمَا لَهُم مِّنَ اللَّهِ مِن وَاقٍ,32,2522,2·13·97,-1,238227,3·11·7219,0,Le châtiment de l'au-delà sera cependant plus écrasant et ils n'auront nul protecteur contre Allah
13,92,corps,V35,مَّثَلُ الْجَنَّةِ الَّتِي وُعِدَ الْمُتَّقُونَ تَجْرِي مِن تَحْتِهَا الْأَنْهَارُ أُكُلُهَا دَائِمٌ وَظِلُّهَا,54,4666,2·2333,+1,238227,3·11·7219,0,"Tel est le paradis qui a été promis aux pieux: sous lequel coulent les ruisseaux; ses fruits sont perpétuels, ainsi que son ombrage."
13,93,corps,V35,تِلْكَ عُقْبَى الَّذِينَ اتَّقَوا وَّعُقْبَى الْكَافِرِينَ النَّارُ,35,2793,3·7^2·19,0,238227,3·11·7219,0,"Voilà la fin de ceux qui pratiquent la piété, tandis que la fin des mécréants sera le Feu"
13,94,corps,V36,وَالَّذِينَ آتَيْنَاهُمُ الْكِتَابَ يَفْرَحُونَ بِمَا أُنزِلَ إِلَيْكَ,36,2304,2^8·3^2,0,238227,3·11·7219,0,Et ceux à qui Nous avons déjà donné le Livre se réjouissent de ce qu'on a fait descendre vers toi.
13,95,corps,V36,وَمِنَ الْأَحْزَابِ مَن يُنكِرُ بَعْضَهُ,20,1393,7·199,+1,238227,3·11·7219,0,Tandis que certaines factions en rejettent une partie.
13,96,corps,V36,قُلْ إِنَّمَا أُمِرْتُ أَنْ أَعْبُدَ اللَّهَ وَلَا أُشْرِكَ بِهِ,29,1622,2·811,-1,238227,3·11·7219,0,Dis: «Il m'a seulement été commandé d'adorer Allah et de ne rien Lui associer.
13,97,corps,V36,إِلَيْهِ أَدْعُو وَإِلَيْهِ مَآبِ,16,222,2·3·37,0,238227,3·11·7219,0,"C'est à Lui que j'appelle , Et c'est vers Lui que sera mon retour»"
13,98,corps,V37,وَكَذَٰلِكَ أَنزَلْنَاهُ حُكْمًا عَرَبِيًّا,21,1272,2^3·3·53,0,238227,3·11·7219,0,Ainsi l'avons-Nous fait descendre de loi en arabe.
13,99,corps,V37,وَلَئِنِ اتَّبَعْتَ أَهْوَاءَهُم بَعْدَ مَا جَاءَكَ مِنَ الْعِلْمِ مَا لَكَ مِنَ اللَّهِ مِن وَلِيٍّ وَلَا وَاقٍ,53,1958,2·11·89,-1,238227,3·11·7219,0,"Et si tu suis leurs passions après ce que tu as reçu comme savoir, il n'y aura pour toi, contre Allah, ni allié ni protecteur"
13,100,corps,V38,وَلَقَدْ أَرْسَلْنَا رُسُلًا مِّن قَبْلِكَ وَجَعَلْنَا لَهُمْ أَزْوَاجًا وَذُرِّيَّةً,40,2190,2·3·5·73,0,238227,3·11·7219,0,"Et Nous avons certes envoyé avant toi des messagers, et leur avons donné des épouses et des descendants."
13,101,corps,V38,وَمَا كَانَ لِرَسُولٍ أَن يَأْتِيَ بِآيَةٍ إِلَّا بِإِذْنِ اللَّهِ,32,1785,3·5·7·17,0,238227,3·11·7219,0,"Et il n'appartient pas à un Messager d'apporter un miracle, si ce n'est qu'avec la permission d'Allah."
13,102,corps,V38,لِكُلِّ أَجَلٍ كِتَابٌ,10,537,3·179,0,238227,3·11·7219,0,Chaque échéance a son terme prescrit
13,103,corps,V39,يَمْحُو اللَّهُ مَا يَشَاءُ وَيُثْبِتُ وَعِندَهُ أُمُّ الْكِتَابِ,32,2031,3·677,0,238227,3·11·7219,0,Allah efface ou confirme ce qu'Il veut et l'Ecriture primordiale est auprès de Lui
13,104,corps,V40,وَإِن مَّا نُرِيَنَّكَ بَعْضَ الَّذِي نَعِدُهُمْ أَوْ نَتَوَفَّيَنَّكَ فَإِنَّمَا عَلَيْكَ الْبَلَاغُ وَعَلَيْنَا الْحِسَابُ,58,4468,2^2·1117,+1,238227,3·11·7219,0,"Que Nous te fassions voir une partie de ce dont Nous les menaçons, ou que Nous te fassions mourir , ton devoir est seulement la communication du message, et le règlement de compte sera à Nous"
13,105,corps,V41,أَوَلَمْ يَرَوْا أَنَّا نَأْتِي الْأَرْضَ نَنقُصُهَا مِنْ أَطْرَافِهَا,35,2522,2·13·97,-1,238227,3·11·7219,0,Ne voient-ils pas que Nous frappons la terre et que Nous la réduisons de tous côtés?
13,106,corps,V41,وَاللَّهُ يَحْكُمُ لَا مُعَقِّبَ لِحُكْمِهِ وَهُوَ سَرِيعُ الْحِسَابِ,33,955,5·191,+1,238227,3·11·7219,0,"C'est Allah qui juge et personne ne peut s'opposer à Son jugement, et Il est prompt à régler les comptes"
13,107,corps,V42,وَقَدْ مَكَرَ الَّذِينَ مِن قَبْلِهِمْ فَلِلَّهِ الْمَكْرُ جَمِيعًا,32,1988,2^2·7·71,-1,238227,3·11·7219,0,Certes ceux d'avant eux ont manigancé ; le stratagème tout entier appartient à Allah.
13,108,corps,V42,يَعْلَمُ مَا تَكْسِبُ كُلُّ نَفْسٍ,15,913,11·83,+1,238227,3·11·7219,0,Il sait ce que chaque âme acquiert.
13,109,corps,V42,وَسَيَعْلَمُ الْكُفَّارُ لِمَنْ عُقْبَى الدَّارِ,24,1086,2·3·181,0,238227,3·11·7219,0,Et les mécréants sauront bientôt à qui appartient la bonne demeure finale
13,110,corps,V43,وَيَقُولُ الَّذِينَ كَفَرُوا لَسْتَ مُرْسَلًا,23,2071,19·109,+1,238227,3·11·7219,0,Et ceux qui ne croient pas disent: «Tu n'es pas un Messager».
13,111,centre-témoin,V43,قُلْ كَفَىٰ بِاللَّهِ شَهِيدًا بَيْنِي وَبَيْنَكُمْ وَمَنْ عِندَهُ عِلْمُ الْكِتَابِ,41,1647,3^3·61,0,1647,3^3·61,0,"Dis: «Allah suffit, comme témoin entre vous et moi, et ceux qui ont la connaissance du Livre »"
96,1,basmala,V1a,بسم الله الرحمن الرحيم,19,786,2·3·131,0,786,2·3·131,0,"Au nom de Dieu, le Tout-Miséricordieux, le Très-Miséricordieux."
96,2,P1 · iqraʾ,V1b–2,اقرأ باسم ربك الذي خلق خلق الإنسان من علق,33,3311,7·11·43,-1,5811,3·13·149,0,"Lis, au nom de ton Seigneur qui a créé, a créé l'homme d'une adhérence."
96,3,P1 · iqraʾ,V3–5,اقرأ وربك الأكرم الذي علم بالقلم علم الإنسان ما لم يعلم,45,2500,2^2·5^4,+1,5811,3·13·149,0,"Lis, et ton Seigneur est le Très-Généreux, qui a enseigné par le calame, a enseigné à l'homme ce qu'il ne savait pas."
96,4,P2 · 1er kallā,V6a,كلا,3,51,3·17,0,10185,3·5·7·97,0,Mais non !
96,5,P2 · 1er kallā,V6b–7,إن الإنسان ليطغى أن رآه استغنى,25,3081,3·13·79,0,10185,3·5·7·97,0,"L'homme, certes, se rebelle, dès qu'il se voit se suffire à lui-même."
96,6,P2 · 1er kallā,V8,إن إلى ربك الرجعى,14,628,2^2·157,+1,10185,3·5·7·97,0,"En vérité, vers ton Seigneur est le retour."
96,7,P2 · 1er kallā,V9–10,أرأيت الذي ينهى عبدا إذا صلى,23,2337,3·19·41,0,10185,3·5·7·97,0,As-tu vu celui qui interdit à un serviteur lorsqu'il prie ?
96,8,P2 · 1er kallā,V11–12,أرأيت إن كان على الهدى أو أمر بالتقوى,30,1691,19·89,-1,10185,3·5·7·97,0,"Vois-tu : s'il était sur la bonne voie, ou s'il ordonnait la piété ?"
96,9,P2 · 1er kallā,V13,أرأيت إن كذب وتولى,15,1837,11·167,+1,10185,3·5·7·97,0,Vois-tu : s'il a démenti et s'est détourné ?
96,10,P2 · 1er kallā,V14,ألم يعلم بأن الله يرى,17,560,2^4·5·7,-1,10185,3·5·7·97,0,Ne sait-il pas que Dieu voit ?
96,11,P3 · 2e kallā,V15a,كلا,3,51,3·17,0,3219,3·29·37,0,Mais non !
96,12,P3 · 2e kallā,V15b–16,لئن لم ينته لنسفعا بالناصية ناصية كاذبة خاطئة,38,2614,2·1307,+1,3219,3·29·37,0,"S'il ne cesse pas, Nous le saisirons par le toupet, un toupet menteur, pécheur."
96,13,P3 · 2e kallā,V17–18,فليدع ناديه سندع الزبانية,22,554,2·277,-1,3219,3·29·37,0,Qu'il appelle donc son assemblée ; Nous appellerons les gardiens.
96,14,P4 · 3e kallā,V19a,كلا,3,51,3·17,0,1349,19·71,-1,Mais non !
96,15,P4 · 3e kallā,V19b,لا تطعه واسجد واقترب,17,1298,2·11·59,-1,1349,19·71,-1,Ne lui obéis pas ; prosterne-toi et rapproche-toi.
98,1,basmala,V1a,بِسْمِ اللَّهِ الرَّحْمَـٰنِ الرَّحِيمِ,19,786,2·3·131,0,786,2·3·131,0,"Au nom de Dieu, le Tout-Miséricordieux, le Très-Miséricordieux."
98,2,inclusion (ouverture),V1b,لَمْ يَكُنِ الَّذِينَ كَفَرُوا مِنْ أَهْلِ الْكِتَابِ وَالْمُشْرِكِينَ مُنفَكِّينَ حَتَّىٰ تَأْتِيَهُمُ الْبَيِّنَةُ,56,4107,3·37^2,0,4107,3·37^2,0,Les mécréants parmi les gens du Livre et les associateurs n'allaient pas cesser avant que ne leur vienne la Preuve évidente.
98,3,corps,V2–3,رَسُولٌ مِّنَ اللَّهِ يَتْلُو صُحُفًا مُّطَهَّرَةً فِيهَا كُتُبٌ قَيِّمَةٌ,34,2009,7^2·41,-1,16698,2·3·11^2·23,0,"Un Messager de la part de Dieu qui récite des feuilles purifiées, où sont des prescriptions justes et droites."
98,4,corps,V4,وَمَا تَفَرَّقَ الَّذِينَ أُوتُوا الْكِتَابَ إِلَّا مِن بَعْدِ مَا جَاءَتْهُمُ الْبَيِّنَةُ,45,3273,3·1091,0,16698,2·3·11^2·23,0,Et ceux à qui le Livre fut donné ne se divisèrent qu'après que la preuve leur fut venue.
98,5,corps,V5a,وَمَا أُمِرُوا إِلَّا لِيَعْبُدُوا اللَّهَ مُخْلِصِينَ لَهُ الدِّينَ حُنَفَاءَ وَيُقِيمُوا الصَّلَاةَ وَيُؤْتُوا الزَّكَاةَ ۚ,65,2429,7·347,-1,16698,2·3·11^2·23,0,"Il ne leur a été commandé que d'adorer Dieu, Lui vouant un culte exclusif, d'accomplir la prière et d'acquitter l'aumône."
98,6,corps,V5b,وَذَٰلِكَ دِينُ الْقَيِّمَةِ,13,1006,2·503,+1,16698,2·3·11^2·23,0,Et voilà la religion de droiture.
98,7,inclusion (relance),V6a,إِنَّ الَّذِينَ كَفَرُوا مِنْ أَهْلِ الْكِتَابِ وَالْمُشْرِكِينَ فِي نَارِ جَهَنَّمَ خَالِدِينَ فِيهَا ۚ,51,3616,2^5·113,+1,3616,2^5·113,+1,Les mécréants parmi les gens du Livre et les associateurs iront au feu de l'Enfer pour y demeurer éternellement.
98,8,pôle− (les pires),V6b,أُولَـٰئِكَ هُمْ شَرُّ الْبَرِيَّةِ,15,860,2^2·5·43,-1,860,2^2·5·43,-1,Ce sont les pires de la création.
98,9,pôle+ (les meilleurs),V7,إِنَّ الَّذِينَ آمَنُوا وَعَمِلُوا الصَّالِحَاتِ أُولَـٰئِكَ هُمْ خَيْرُ الْبَرِيَّةِ,42,2824,2^3·353,+1,2824,2^3·353,+1,"Ceux qui croient et accomplissent les bonnes œuvres, ce sont les meilleurs de la création."
98,10,corps,V8a,جَزَاؤُهُمْ عِندَ رَبِّهِمْ جَنَّاتُ عَدْنٍ تَجْرِي مِن تَحْتِهَا الْأَنْهَارُ خَالِدِينَ فِيهَا أَبَدًا ۖ,52,3615,3·5·241,0,16698,2·3·11^2·23,0,"Leur récompense auprès de leur Seigneur : les Jardins d'Éden sous lesquels coulent les ruisseaux, pour y demeurer éternellement."
98,11,corps,V8b,رَّضِيَ اللَّهُ عَنْهُمْ وَرَضُوا عَنْهُ ۚ,19,2379,3·13·61,0,16698,2·3·11^2·23,0,Dieu les agrée et ils L'agréent.
98,12,corps,V8c,ذَٰلِكَ لِمَنْ خَشِيَ رَبَّهُ,12,1987,1987,+1,16698,2·3·11^2·23,0,Voilà pour celui qui craint son Seigneur.
